category,taxon,microgroup,mean_contribution,sd_contribution
Animal Host,Ca. Veblenbacteria,CPR,0.00136077065313545,0
Animal Host,Ca. Huberarchaea,DPANN,0.002739689765622555,4.258365415822481e-4
Animal Host,Ca. Brennerbacteria,CPR,0.004248141500306307,2.1683410399131128e-4
Animal Host,Ca. Aenigmarchaeota,DPANN,0.008249661863154789,0.0011948465718248909
Animal Host,Ca. Odinarchaeota,CPR,0.001571835439897475,0
Animal Host,Ca. Calescamantes,CPR,0.00337778371839914,0
Animal Host,Ca. Jacksonbacteria,CPR,0.00298275779823221,0
Animal Host,Ca. Altiarchaeota,DPANN,0.00609376237540515,0
Animal Host,Ca. division CPR1,CPR,0.01370986023885265,0.0022750660168058007
Animal Host,Ca. division CPR3,CPR,0.010445358227218414,0.0020151335691928995
Animal Host,Ca. Microgenomates,CPR,0.0019527463512334351,0
Animal Host,Ca. division WOR-3,CPR,0.0118257951547885,0
Animal Host,Ca. Abawacabacteria,CPR,0.008219491534043775,0
Animal Host,Ca. division CPR2,CPR,0.011703712940320899,0.0019934774948027565
Animal Host,Ca. Parcubacteria,CPR,0.00135229120222613,0
Animal Host,Nanoarchaeota,DPANN,7.23308869067235e-4,0
Animal Host,Ca. Ratteibacteria,CPR,0.00175077364737458,2.1511656122129682e-4
Animal Host,Ca. Gribaldobacteria,CPR,0.002672846741230415,0
Animal Host,Ca. Wirthbacteria,CPR,0.00114832555153399,0
Animal Host,Ca. Hydrogenedentes,CPR,0.00219624441557394,6.018856920767764e-4
Animal Host,Ca. Tagabacteria,CPR,0.00131854378836227,2.5008125062555154e-4
Animal Host,Ca. Niyogibacteria,CPR,0.002073628377132375,4.061211695879834e-4
Animal Host,Ca. Blackburnbacteria,CPR,0.004608641273803504,7.704215322677053e-4
Animal Host,Ca. Delongbacteria,CPR,0.00423400059090695,0
Animal Host,Ca. Andersenbacteria,CPR,0.005669543583099125,3.5807268363181264e-4
Animal Host,Ca. Diapherotrites,DPANN,0.00338397685086733,0
Animal Host,Ca. Spechtbacteria,CPR,0.0013359811626037499,5.4475796078665597e-5
Animal Host,Ca. Fraserbacteria,CPR,0.0024897481810969803,0
Animal Host,Caldisericota,Bonafide,0.0155515364937238,0
Animal Host,Ca. Colwellbacteria,CPR,0.00359619823951496,7.638502247463307e-5
Animal Host,Ca. Fischerbacteria,CPR,0.00325071968523527,0
Animal Host,Ca. Sumerlaeota,CPR,0.0011267525739481455,1.3341783881341325e-4
Animal Host,Ca. Terrybacteria,CPR,0.001388429597066585,1.0893655516306415e-4
Animal Host,Ca. Gracilibacteria,CPR,0.00217857215258854,0
Animal Host,Ca. Chisholmbacteria,CPR,0.00470047738730728,0
Animal Host,Ca. Blackallbacteria,CPR,0.00463962237385651,0
Animal Host,Ca. Wallbacteria,CPR,0.0012357250959371098,8.872997311786162e-5
Animal Host,Dictyoglomota,Bonafide,9.3158029780415e-4,0
Animal Host,Ca. Wildermuthbacteria,CPR,0.001222846511770845,9.619491973112619e-5
Animal Host,Ca. Kuenenbacteria,CPR,0.002496821705105125,4.513766098308168e-4
Animal Host,Ca. Amesbacteria,CPR,0.00694754169299435,0.0010771188216520326
Animal Host,Ca. Lokiarchaeota,CPR,0.00203947670262006,0
Animal Host,Ca. Vogelbacteria,CPR,0.0011924638383227749,1.9766013820143524e-4
Animal Host,Ca. Bipolaricaulota,CPR,0.004889963184158437,3.509945930744763e-4
Animal Host,Ca. Raymondbacteria,CPR,0.00171585388197648,1.7726173813020226e-4
Animal Host,Ca. Woykebacteria,CPR,0.0010631098926048026,5.227996365092458e-5
Animal Host,Ca. Ryanbacteria,CPR,0.001622024636445675,1.1019974683431517e-4
Animal Host,Balneolota,Bonafide,0.023821306818114077,0.004377063014376352
Animal Host,Ca. Adlerbacteria,CPR,0.008469789330272145,0.0010929558749481676
Animal Host,Ca. Margulisbacteria,CPR,0.00157049415602106,0
Animal Host,Ca. Azambacteria,CPR,0.0061951326658035155,1.422731389272372e-4
Animal Host,Ca. Campbellbacteria,CPR,0.00400934870396524,0
Animal Host,Ca. Firestonebacteria,CPR,0.00310248352049991,8.991276182133798e-4
Animal Host,Ca. Heimdallarchaeota,CPR,0.00202160366114723,0
Animal Host,Ca. Beckwithbacteria,CPR,0.005226919993856575,1.602881904733688e-4
Animal Host,Ca. Dadabacteria,CPR,0.0034687901598545734,9.431896212432485e-4
Animal Host,Ca. Harrisonbacteria,CPR,0.00242793801136512,3.764114515776526e-4
Animal Host,Ca. Liptonbacteria,CPR,0.0021468896114924534,5.70992275718853e-4
Animal Host,Ca. Jorgensenbacteria,CPR,0.002668556062161485,4.223504360647994e-4
Animal Host,Ca. Collierbacteria,CPR,0.00445030028659821,0
Animal Host,Ca. Kerfeldbacteria,CPR,0.002154415151138925,4.064256301296343e-4
Animal Host,Chrysiogenota,Bonafide,8.7846295042681e-4,1.27205687732586e-4
Animal Host,Ca. Komeilibacteria,CPR,0.00255910413276128,4.0160598774222674e-4
Animal Host,Ca. Yonathbacteria,CPR,0.00109696007904259,0
Animal Host,Ca. Riflebacteria,CPR,0.00171516828557411,1.766465571161409e-4
Animal Host,Ca. Absconditabacteria,CPR,0.00695445415250806,7.484557849660559e-5
Animal Host,Ca. Sungbacteria,CPR,0.001453531648942965,9.445117917389254e-5
Animal Host,Ca. Portnoybacteria,CPR,0.00178455216720103,2.0065267212358804e-4
Animal Host,Ca. Thorarchaeota,CPR,0.00124528458186579,0
Animal Host,Ca. Giovannonibacteria,CPR,0.00326464282121897,5.875430925208669e-4
Animal Host,Ca. Desantisbacteria,CPR,0.003267405873954965,4.8247014506924447e-4
Animal Host,Ca. Edwardsbacteria,CPR,0.0036799548045466897,3.3530948675653975e-4
Animal Host,Ca. Lloydbacteria,CPR,0.0016917641169778125,3.9455486669252344e-4
Animal Host,Ca. Shapirobacteria,CPR,0.00157288698570923,0
Animal Host,Ca. Pacebacteria,CPR,0.0015971327892485001,1.962734951218008e-4
Animal Host,Ca. Lindowbacteria,CPR,0.0015304417764745067,4.461444102874431e-4
Animal Host,Ca. Curtissbacteria,CPR,0.00328897890013455,8.43612104627301e-4
Animal Host,Ca. Wolfebacteria,CPR,0.00109257689091713,4.814398995940167e-5
Animal Host,Ca. Coatesbacteria,CPR,0.0043724349323877,0
Animal Host,Ca. Doudnabacteria,CPR,0.0029945780761355973,4.2981122688708133e-4
Animal Host,Ca. Schekmanbacteria,CPR,0.0015369711278714298,5.9905816415787795e-5
Animal Host,Ca. Zambryskibacteria,CPR,0.00104355347703472,1.352845666682469e-5
Animal Host,Ca. Berkelbacteria,CPR,0.005074952558214605,0
Animal Host,Calditrichota,Bonafide,0.0184942533758694,0
Animal Host,Ca. Staskawiczbacteria,CPR,0.00153868166156401,0
Animal Host,Ca. Glassbacteria,CPR,0.0025393471006664174,5.632455183323762e-4
Animal Host,Ca. Bathyarchaeota,CPR,0.00624993723315093,0
Animal Host,Ca. Woesearchaeota,DPANN,0.001194239566539465,9.214815348432503e-5
Animal Host,Ca. Buchananbacteria,CPR,0.004547705304568123,5.822066975605661e-4
Animal Host,Ca. Thermoplasmatota,CPR,0.0010814140813673943,1.7224459902895686e-4
Animal Host,Aquificota,Bonafide,0.110250742652242,0
Animal Host,Ca. Taylorbacteria,CPR,0.0013060267184002452,2.4627178284603886e-4
Animal Host,Ca. Yanofskybacteria,CPR,0.001072228503928685,4.653601906058341e-5
Animal Host,Ca. Tectomicrobia,CPR,0.00103390065484173,2.1862898857583305e-4
Animal Host,Ca. Nealsonbacteria,CPR,0.00237924467522976,0
Animal Host,Ca. division Zixibacteria,CPR,0.010180765717635525,7.739811411222925e-4
Animal Host,Ca. Daviesbacteria,CPR,0.0036375926012765553,8.650018251735606e-4
Animal Host,Ca. Gottesmanbacteria,CPR,0.002758947985996407,5.786119706015014e-4
Animal Host,Ca. Melainabacteria,CPR,0.00201563373507052,0
Animal Host,Ca. division WWE3,CPR,0.008586233971115693,0.0019586605236732364
Animal Host,Ca. Levybacteria,CPR,0.0019499920248478024,8.289705153857273e-4
Animal Host,Kiritimatiellota,Bonafide,7.7719869055625e-4,0
Animal Host,Ca. Micrarchaeota,DPANN,0.0017850089474682476,2.740219966834391e-4
Animal Host,Ca. Handelsmanbacteria,CPR,0.0023130965531523153,4.208360264384653e-4
Animal Host,Nitrospinota,Bonafide,6.11583362342625e-4,3.1149211380132645e-5
Animal Host,Ca. Moranbacteria,CPR,0.0018882291399754366,5.077198657374362e-4
Animal Host,Ca. Woesebacteria,CPR,0.0010831283858671599,1.401072007405532e-4
Animal Host,Ca. Roizmanbacteria,CPR,0.0013527660523882101,3.125564808544233e-4
Animal Host,Ca. Falkowbacteria,CPR,0.0035760863470905603,3.4446290951309854e-4
Animal Host,Ca. Eisenbacteria,CPR,0.002439389953291955,9.715179059170919e-4
Animal Host,Ca. Marinimicrobia,CPR,0.00154238337125956,0
Animal Host,Ca. Uhrbacteria,CPR,0.00132827447789069,1.3837245856807435e-4
Animal Host,Ca. Nomurabacteria,CPR,0.00205177157687414,4.0567715375982503e-4
Animal Host,Coprothermobacterota,Bonafide,7.6691129038108e-4,0
Animal Host,Ca. Kaiserbacteria,CPR,0.00263348018613058,4.535877907554875e-4
Animal Host,Fibrobacterota,Bonafide,7.511421162347692e-4,1.4227861347840945e-4
Animal Host,Ca. Magasanikbacteria,CPR,0.002124357082296415,0
Animal Host,Ca. Peregrinibacteria,CPR,0.0015733589167818975,2.10857720271629e-4
Animal Host,Ca. division NC10,CPR,0.012469063204491784,0.0010804079165553356
Animal Host,Chlamydiota,Bonafide,9.50401187168825e-4,0
Animal Host,Atribacterota,Bonafide,0.0406498286409388,0.0024192569415894113
Animal Host,Thermoproteota,Bonafide,3.090933958360717e-4,6.6120250911212e-5
Animal Host,Chlorobiota,Bonafide,8.142897071312434e-4,1.0847465802119028e-4
Animal Host,Ca. Cloacimonetes,CPR,0.00316048749473963,0
Animal Host,Armatimonadota,Bonafide,0.09224260392111558,0.03679365514416002
Animal Host,Lentisphaerota,Bonafide,6.298959671551384e-4,9.185077627584173e-5
Animal Host,Bdellovibrionota,Bonafide,0.02149615567263475,0
Animal Host,Ca. Saccharibacteria,CPR,0.001243988975272,0
Animal Host,Ca. Aminicenantes,CPR,0.00718524214659488,0
Animal Host,Thermomicrobiota,Bonafide,2.7803760146138e-4,0
Animal Host,Deferribacterota,Bonafide,8.174675112494884e-4,1.4876825943455015e-4
Animal Host,Ignavibacteriota,Bonafide,7.5142576115211e-4,1.1821318746671385e-4
Animal Host,Ca. Omnitrophica,CPR,0.0018551544635228,2.0025957478535616e-4
Animal Host,Synergistota,Bonafide,3.3190122958848e-4,3.122143625490945e-5
Animal Host,Elusimicrobiota,Bonafide,7.71633057806025e-4,3.4348853168178874e-6
Animal Host,Mycoplasmatota,Bonafide,6.37999211750612e-4,1.217440841048017e-4
Animal Host,Ca. Rokubacteria,CPR,0.00114322056131405,0
Animal Host,Gemmatimonadota,Bonafide,6.62003023878805e-4,1.398523907973454e-4
Animal Host,Deinococcota,Bonafide,6.9015528875848e-4,0
Animal Host,Nitrososphaerota,Bonafide,6.2948454663447e-4,0
Animal Host,Nitrospirota,Bonafide,5.2164149979397e-4,8.763144281235342e-5
Animal Host,Thermotogota,Bonafide,2.4082351323451e-4,0
Animal Host,Fusobacteriota,Bonafide,7.0162480604035e-4,4.059557121507364e-5
Animal Host,Spirochaetota,Bonafide,4.481011023354575e-4,1.0273708566599793e-4
Animal Host,Chloroflexota,Bonafide,7.712756777797499e-4,1.5802012882557676e-4
Animal Host,Verrucomicrobiota,Bonafide,2.14282701572525e-4,1.7675979814019903e-5
Animal Host,Campylobacterota,Bonafide,0.015640756474647126,0.0012514417735857188
Animal Host,Myxococcota,Bonafide,5.753748055543216e-4,1.059926824494977e-4
Animal Host,Acidobacteriota,Bonafide,0.144974175981298,0
Animal Host,Euryarchaeota,Bonafide,6.5721117673389e-4,8.840717740600748e-5
Animal Host,Planctomycetota,Bonafide,4.5409391175835667e-4,8.479858971776038e-5
Animal Host,Thermodesulfobacteriota,Bonafide,4.0707546993728496e-4,1.3087264510023278e-4
Animal Host,Cyanobacteriota,Bonafide,9.5779278499841e-4,0
Animal Host,Bacteroidota,Bonafide,0.025173308352023593,0.006740695368887294
Animal Host,Bacillota,Bonafide,0.02804665282790368,0.006185155068770281
Animal Host,Actinomycetota,Bonafide,0.112381106382076,0.003049621391672247
Animal Host,Pseudomonadota,Bonafide,4.7839713535884087e-4,1.0400726855895715e-4
Freshwater,Ca. Veblenbacteria,CPR,0.00150817272619808,0
Freshwater,Ca. Huberarchaea,DPANN,0.00347926454521469,0
Freshwater,Ca. Nanohaloarchaeota,DPANN,0.00156722104078122,0
Freshwater,Ca. Brennerbacteria,CPR,0.00639227933600506,0
Freshwater,Ca. Aenigmarchaeota,DPANN,0.008895466260679665,0
Freshwater,Ca. Odinarchaeota,CPR,0.00238726412969792,0
Freshwater,Ca. Calescamantes,CPR,0.0039177395971447,0
Freshwater,Ca. Jacksonbacteria,CPR,0.002844759269812705,0
Freshwater,Ca. Altiarchaeota,DPANN,0.00680033388115253,0
Freshwater,Ca. division CPR1,CPR,0.01748254694633625,0
Freshwater,Ca. division CPR3,CPR,0.0152375170328097,0
Freshwater,Ca. Microgenomates,CPR,0.00254481716810906,0
Freshwater,Ca. division WOR-3,CPR,0.0148153977642074,0
Freshwater,Ca. Abawacabacteria,CPR,0.0101305445011198,0
Freshwater,Ca. division CPR2,CPR,0.015960841638252725,4.452629358154717e-4
Freshwater,Ca. Parcubacteria,CPR,0.00140324480787057,0
Freshwater,Nanoarchaeota,DPANN,8.4124048506134e-4,0
Freshwater,Ca. Ratteibacteria,CPR,0.00219385752612239,0
Freshwater,Ca. Gribaldobacteria,CPR,0.003121460061100755,0
Freshwater,Ca. Hydrogenedentes,CPR,0.00340281052487268,0
Freshwater,Ca. Tagabacteria,CPR,0.001810330891667935,0
Freshwater,Ca. Niyogibacteria,CPR,0.00245309411521316,0
Freshwater,Ca. Blackburnbacteria,CPR,0.00645197907328288,0
Freshwater,Ca. Delongbacteria,CPR,0.00489794010282307,0
Freshwater,Ca. Andersenbacteria,CPR,0.007564119404365745,0
Freshwater,Ca. Diapherotrites,DPANN,0.003834728734104455,0
Freshwater,Ca. Spechtbacteria,CPR,0.0017451918449037675,5.383354958024364e-4
Freshwater,Caldisericota,Bonafide,0.0252538179676393,0
Freshwater,Ca. Colwellbacteria,CPR,0.004657292192219943,0.0013637299376187207
Freshwater,Ca. Fischerbacteria,CPR,0.00404657449745305,0
Freshwater,Ca. Sumerlaeota,CPR,8.7802697415151e-4,8.347871279604833e-5
Freshwater,Ca. Terrybacteria,CPR,0.00163239034611229,0
Freshwater,Ca. Gracilibacteria,CPR,0.00224862915346924,0
Freshwater,Ca. Chisholmbacteria,CPR,0.00580192371605415,0
Freshwater,Ca. Blackallbacteria,CPR,0.00328631290038295,0
Freshwater,Ca. Wallbacteria,CPR,0.00143170639782064,0
Freshwater,Dictyoglomota,Bonafide,9.3016108432186e-4,0
Freshwater,Ca. Wildermuthbacteria,CPR,0.00149891110686862,0
Freshwater,Ca. Kuenenbacteria,CPR,0.003025497541403685,0
Freshwater,Ca. Amesbacteria,CPR,0.008078129949717405,0
Freshwater,Ca. Lokiarchaeota,CPR,0.00271594242046813,0
Freshwater,Ca. Vogelbacteria,CPR,0.00148374801769269,0
Freshwater,Ca. Bipolaricaulota,CPR,0.00340323111717322,0
Freshwater,Ca. Raymondbacteria,CPR,0.002164828702387215,0
Freshwater,Ca. Woykebacteria,CPR,0.00124194488601323,3.021096258825614e-4
Freshwater,Ca. Ryanbacteria,CPR,0.0020078264711903,0
Freshwater,Ca. Adlerbacteria,CPR,0.00862965735941057,0
Freshwater,Ca. Margulisbacteria,CPR,0.00172859576433448,0
Freshwater,Ca. Azambacteria,CPR,0.00738938200884381,0
Freshwater,Ca. Campbellbacteria,CPR,0.005242436729854253,0.0010332942727640263
Freshwater,Ca. Firestonebacteria,CPR,0.00411997755998783,0
Freshwater,Ca. Heimdallarchaeota,CPR,0.002890546556442605,8.976397768834188e-4
Freshwater,Ca. Beckwithbacteria,CPR,0.00703651190281873,0
Freshwater,Ca. Dadabacteria,CPR,0.004156273185580331,0.0013649967559934948
Freshwater,Ca. Harrisonbacteria,CPR,0.0032563373986235476,8.799675744666903e-4
Freshwater,Ca. Liptonbacteria,CPR,0.00294873650779137,0
Freshwater,Ca. Jorgensenbacteria,CPR,0.003301983159790745,0
Freshwater,Ca. Collierbacteria,CPR,0.00543706475350003,0
Freshwater,Ca. Kerfeldbacteria,CPR,0.0032337192197138803,0
Freshwater,Chrysiogenota,Bonafide,0.00141973229578196,0
Freshwater,Ca. Komeilibacteria,CPR,0.00310994046468188,0
Freshwater,Ca. Yonathbacteria,CPR,0.00119796043986664,0
Freshwater,Ca. Riflebacteria,CPR,0.00214415438025561,0
Freshwater,Ca. Absconditabacteria,CPR,0.00951530511040655,0
Freshwater,Ca. Sungbacteria,CPR,0.00184746651012946,0
Freshwater,Ca. Portnoybacteria,CPR,0.002254312752780595,0
Freshwater,Ca. Thorarchaeota,CPR,0.00176082466811478,0
Freshwater,Ca. Giovannonibacteria,CPR,0.00390419934743691,0
Freshwater,Ca. Desantisbacteria,CPR,0.004721445090992315,0
Freshwater,Ca. Edwardsbacteria,CPR,0.004516738582942495,0
Freshwater,Ca. Lloydbacteria,CPR,0.002139681456545305,0
Freshwater,Ca. Shapirobacteria,CPR,0.0019648684451728502,0
Freshwater,Ca. Pacebacteria,CPR,0.0020654787128781276,6.48720553116189e-4
Freshwater,Ca. Lindowbacteria,CPR,0.001164863623686505,1.416210426935164e-4
Freshwater,Ca. Curtissbacteria,CPR,0.004641396642625,0.0013602262777009108
Freshwater,Ca. Wolfebacteria,CPR,0.001365862315739375,0
Freshwater,Ca. Coatesbacteria,CPR,0.00518899858084354,0
Freshwater,Ca. Doudnabacteria,CPR,0.004538797043968315,0
Freshwater,Ca. Schekmanbacteria,CPR,0.0017782697029920824,5.665922895638002e-4
Freshwater,Ca. Zambryskibacteria,CPR,0.00131063668547543,0
Freshwater,Ca. Berkelbacteria,CPR,0.006345855077681567,0.0015903001510807016
Freshwater,Calditrichota,Bonafide,0.0237152212491242,0
Freshwater,Ca. Staskawiczbacteria,CPR,0.0017357920945061675,5.339606057084836e-4
Freshwater,Ca. Glassbacteria,CPR,0.0038860802106405754,0
Freshwater,Ca. Bathyarchaeota,CPR,0.00691154275252537,0
Freshwater,Ca. Woesearchaeota,DPANN,0.00142051986495989,0
Freshwater,Ca. Buchananbacteria,CPR,0.00576251565216002,0
Freshwater,Ca. Thermoplasmatota,CPR,8.742332668441e-4,0
Freshwater,Aquificota,Bonafide,0.07145457979119264,0.025677625832348012
Freshwater,Ca. Taylorbacteria,CPR,0.00146133109661617,0
Freshwater,Ca. Yanofskybacteria,CPR,0.00134603729665589,0
Freshwater,Ca. Tectomicrobia,CPR,8.2829417435925e-4,8.093516845885228e-5
Freshwater,Ca. Nealsonbacteria,CPR,0.0022461518073909875,6.16174772250698e-4
Freshwater,Ca. division Zixibacteria,CPR,0.0108551365743997,0
Freshwater,Ca. Daviesbacteria,CPR,0.00410916090306601,0
Freshwater,Ca. Gottesmanbacteria,CPR,0.0038578355066605802,0
Freshwater,Ca. Melainabacteria,CPR,0.00222720458132164,0
Freshwater,Ca. division WWE3,CPR,0.011608956856623925,0.0012150479736461267
Freshwater,Ca. Levybacteria,CPR,0.0027218339159444122,7.656228485037112e-4
Freshwater,Kiritimatiellota,Bonafide,7.680368992810099e-4,6.169070345747929e-4
Freshwater,Ca. Micrarchaeota,DPANN,0.00262445265365907,0
Freshwater,Ca. Handelsmanbacteria,CPR,0.00126634464413056,0
Freshwater,Nitrospinota,Bonafide,8.0662993162977e-4,0
Freshwater,Ca. Moranbacteria,CPR,0.00249761859727726,0
Freshwater,Ca. Woesebacteria,CPR,0.001157484308965285,0
Freshwater,Ca. Roizmanbacteria,CPR,0.0019045316556213477,5.824655455741239e-4
Freshwater,Ca. Falkowbacteria,CPR,0.00415373622533821,0
Freshwater,Ca. Eisenbacteria,CPR,0.00233869766297537,6.154461831867255e-4
Freshwater,Ca. Marinimicrobia,CPR,0.00169661558975764,0
Freshwater,Ca. Uhrbacteria,CPR,0.00167848708893842,0
Freshwater,Ca. Nomurabacteria,CPR,0.0024444206522034597,0
Freshwater,Coprothermobacterota,Bonafide,7.8572590670522e-4,0
Freshwater,Ca. Kaiserbacteria,CPR,0.002758360584694448,0.0013934141745265585
Freshwater,Fibrobacterota,Bonafide,5.8418621693101e-4,0
Freshwater,Ca. Magasanikbacteria,CPR,0.00284980189247952,0
Freshwater,Ca. Peregrinibacteria,CPR,0.0022667080814687797,0
Freshwater,Ca. division NC10,CPR,0.012996510557089967,0.0015560865334715123
Freshwater,Chlamydiota,Bonafide,9.973821749597e-4,0
Freshwater,Atribacterota,Bonafide,0.05502754599956175,0.004802018754139118
Freshwater,Thermoproteota,Bonafide,2.7039968362951e-4,0
Freshwater,Chlorobiota,Bonafide,9.69048611546505e-4,6.672032619305625e-4
Freshwater,Ca. Cloacimonetes,CPR,0.00329507781976413,0
Freshwater,Armatimonadota,Bonafide,0.059817523078943044,0.009832914451490805
Freshwater,Lentisphaerota,Bonafide,7.4448687927292e-4,5.946816631731801e-4
Freshwater,Bdellovibrionota,Bonafide,0.0275181280928568,0
Freshwater,Ca. Saccharibacteria,CPR,8.3145134969198e-4,0
Freshwater,Ca. Aminicenantes,CPR,0.00610117829774781,0.0019073020825192278
Freshwater,Deferribacterota,Bonafide,6.5383218255743e-4,0
Freshwater,Ignavibacteriota,Bonafide,9.5735507021155e-4,3.7815956718010213e-4
Freshwater,Ca. Omnitrophica,CPR,0.0019454398976889698,0.0010243456790603748
Freshwater,Synergistota,Bonafide,2.8946318694761e-4,1.5939814599398488e-4
Freshwater,Elusimicrobiota,Bonafide,6.61633387183885e-4,0
Freshwater,Mycoplasmatota,Bonafide,6.741158447191001e-4,2.0433411445614747e-4
Freshwater,Ca. Rokubacteria,CPR,0.001110927393698165,3.911557553145936e-4
Freshwater,Gemmatimonadota,Bonafide,6.54873866471945e-4,2.2747032075650647e-4
Freshwater,Deinococcota,Bonafide,4.4359594836895e-4,0
Freshwater,Nitrososphaerota,Bonafide,9.4391755192269e-4,0
Freshwater,Nitrospirota,Bonafide,4.96448349696305e-4,2.114366193096292e-4
Freshwater,Thermotogota,Bonafide,2.9896891171554e-4,0
Freshwater,Fusobacteriota,Bonafide,3.7765260218702e-4,0
Freshwater,Spirochaetota,Bonafide,2.76546147631115e-4,1.395950513988974e-4
Freshwater,Chloroflexota,Bonafide,7.202060700101767e-4,2.4412848987497203e-4
Freshwater,Verrucomicrobiota,Bonafide,1.94659784037474e-4,9.596370812557622e-5
Freshwater,Campylobacterota,Bonafide,0.0189217237039085,0.002358797628222677
Freshwater,Myxococcota,Bonafide,5.893798877928626e-4,2.1336428685749038e-4
Freshwater,Acidobacteriota,Bonafide,0.132882539881632,0.03520461240949926
Freshwater,Euryarchaeota,Bonafide,7.366633055285667e-4,1.4500610445407035e-4
Freshwater,Planctomycetota,Bonafide,4.70590792170925e-4,1.4474000815091763e-4
Freshwater,Thermodesulfobacteriota,Bonafide,5.77309501803565e-4,0
Freshwater,Cyanobacteriota,Bonafide,9.4315846408898e-4,0
Freshwater,Bacteroidota,Bonafide,0.0300078538431407,8.989770548035501e-4
Freshwater,Bacillota,Bonafide,0.033295019932187364,0.003710233174779516
Freshwater,Actinomycetota,Bonafide,0.106810848287749,0
Freshwater,Pseudomonadota,Bonafide,3.0583232780001e-4,1.4828838112730127e-4
Groundwater,Ca. Veblenbacteria,CPR,0.0015137754045656962,1.625608489587639e-4
Groundwater,Ca. Huberarchaea,DPANN,0.003322081918519405,2.768445556498567e-4
Groundwater,Ca. Brennerbacteria,CPR,0.005950212105946193,6.257150642404536e-4
Groundwater,Ca. Aenigmarchaeota,DPANN,0.008338956038927495,7.965412037888024e-4
Groundwater,Ca. Jacksonbacteria,CPR,0.0032550214479329927,2.719320410222683e-4
Groundwater,Ca. Altiarchaeota,DPANN,0.00807793680425706,0
Groundwater,Ca. division CPR1,CPR,0.014838723294770288,0.0018727440805586752
Groundwater,Ca. division CPR3,CPR,0.0128047659874036,0.001461373895902046
Groundwater,Ca. Microgenomates,CPR,0.002573262592114405,2.0526130287814944e-4
Groundwater,Ca. division WOR-3,CPR,0.0119720985551598,0
Groundwater,Ca. Abawacabacteria,CPR,0.0078570213357726,0
Groundwater,Ca. division CPR2,CPR,0.01342425238896624,0.0018650013365676674
Groundwater,Nanoarchaeota,DPANN,6.985783627920184e-4,9.102605650009554e-5
Groundwater,Ca. Ratteibacteria,CPR,0.0021096518440057725,2.5250013490943644e-4
Groundwater,Ca. Gribaldobacteria,CPR,0.003512708972641441,3.38036303037698e-4
Groundwater,Ca. Hydrogenedentes,CPR,0.00327936393637271,2.765810451449265e-4
Groundwater,Ca. Tagabacteria,CPR,0.0016928338653208212,2.0953035426862337e-4
Groundwater,Ca. Niyogibacteria,CPR,0.002360663368314641,2.4688203629359e-4
Groundwater,Ca. Blackburnbacteria,CPR,0.006158665812072571,6.735002084483544e-4
Groundwater,Ca. Delongbacteria,CPR,0.00461805927965936,3.8646130567144264e-4
Groundwater,Ca. Andersenbacteria,CPR,0.007079780942217824,7.849073469435401e-4
Groundwater,Ca. Diapherotrites,DPANN,0.004461146133700093,4.189409684844466e-4
Groundwater,Ca. Spechtbacteria,CPR,0.0017844164047057813,2.2947153688806276e-4
Groundwater,Ca. Colwellbacteria,CPR,0.004885847384088551,4.5150589717157525e-4
Groundwater,Ca. Fischerbacteria,CPR,0.00426673469000649,0
Groundwater,Ca. Terrybacteria,CPR,0.0016168624845299,1.7306423146827205e-4
Groundwater,Ca. Gracilibacteria,CPR,0.00359499515511308,0
Groundwater,Ca. Chisholmbacteria,CPR,0.00527927047381563,4.7048607711480775e-4
Groundwater,Ca. Wallbacteria,CPR,0.0014542316722343388,1.5642907792066596e-4
Groundwater,Dictyoglomota,Bonafide,0.00108223531759177,0
Groundwater,Ca. Wildermuthbacteria,CPR,0.0014085414062287175,1.2100705059159869e-4
Groundwater,Ca. Kuenenbacteria,CPR,0.0030064476883802102,2.1629156411987944e-4
Groundwater,Ca. Amesbacteria,CPR,0.007892678523610294,6.216805459364395e-4
Groundwater,Ca. Lokiarchaeota,CPR,0.00311893674328012,0
Groundwater,Ca. Vogelbacteria,CPR,0.00149082883558982,1.5779791088196807e-4
Groundwater,Ca. Raymondbacteria,CPR,0.0020685120075860787,2.637906924712697e-4
Groundwater,Ca. Woykebacteria,CPR,0.001219393688401804,1.254398876848855e-4
Groundwater,Ca. Ryanbacteria,CPR,0.0019283832507498424,2.259910784285679e-4
Groundwater,Balneolota,Bonafide,0.0234216097251837,0
Groundwater,Ca. Adlerbacteria,CPR,0.008565367309032,8.161668413145933e-4
Groundwater,Ca. Margulisbacteria,CPR,0.0026979491070197,0
Groundwater,Ca. Azambacteria,CPR,0.0071292569461710985,8.525711322131384e-4
Groundwater,Ca. Campbellbacteria,CPR,0.005436508636558256,4.5674352526175874e-4
Groundwater,Ca. Firestonebacteria,CPR,0.0038454602174159435,2.6805632386363016e-4
Groundwater,Ca. Beckwithbacteria,CPR,0.00680367808749216,6.42122159746679e-4
Groundwater,Ca. Dadabacteria,CPR,0.004763175315862912,4.514185146870884e-4
Groundwater,Ca. Harrisonbacteria,CPR,0.0033921494936797613,2.998465140325719e-4
Groundwater,Ca. Liptonbacteria,CPR,0.0028797507482375565,2.544023237056268e-4
Groundwater,Ca. Jorgensenbacteria,CPR,0.003227547137575725,2.748688799075185e-4
Groundwater,Ca. Collierbacteria,CPR,0.004966576083810889,4.786409755078707e-4
Groundwater,Ca. Kerfeldbacteria,CPR,0.003138236660971321,2.7157855490831924e-4
Groundwater,Ca. Komeilibacteria,CPR,0.0030691585148276963,2.4738728944317717e-4
Groundwater,Ca. Yonathbacteria,CPR,0.001202345123912165,1.4271591979419523e-4
Groundwater,Ca. Riflebacteria,CPR,0.002050413894789785,2.551786181833126e-4
Groundwater,Ca. Absconditabacteria,CPR,0.00758230591877274,0
Groundwater,Ca. Sungbacteria,CPR,0.0017102429439087438,2.1538523845434848e-4
Groundwater,Ca. Portnoybacteria,CPR,0.0021362302937484724,2.5074086504156594e-4
Groundwater,Ca. Thorarchaeota,CPR,0.00177266652648556,0
Groundwater,Ca. Giovannonibacteria,CPR,0.003766061928140704,3.8501749818922975e-4
Groundwater,Ca. Desantisbacteria,CPR,0.00454294753069455,3.7002030809154364e-4
Groundwater,Ca. Edwardsbacteria,CPR,0.00427615650502601,4.234052264133207e-4
Groundwater,Ca. Lloydbacteria,CPR,0.0029071396995944618,2.0263605371206517e-4
Groundwater,Ca. Shapirobacteria,CPR,0.00180832020484406,2.3513989320796504e-4
Groundwater,Ca. Pacebacteria,CPR,0.0022093741262841776,2.651286942035537e-4
Groundwater,Ca. Lindowbacteria,CPR,0.00247928140238118,0
Groundwater,Ca. Curtissbacteria,CPR,0.004843741870484418,4.7649460755464813e-4
Groundwater,Ca. Wolfebacteria,CPR,0.0012873028344383974,1.4393756179647806e-4
Groundwater,Ca. Coatesbacteria,CPR,0.00470117496653105,7.172034323470977e-4
Groundwater,Ca. Doudnabacteria,CPR,0.004343580970258192,4.035829866495119e-4
Groundwater,Ca. Schekmanbacteria,CPR,0.0018206827689951212,2.3260152501286495e-4
Groundwater,Ca. Zambryskibacteria,CPR,0.0011683615402639663,1.63963758925431e-4
Groundwater,Ca. Berkelbacteria,CPR,0.006674473172910156,6.264125893055335e-4
Groundwater,Calditrichota,Bonafide,0.0206051032861024,0
Groundwater,Ca. Staskawiczbacteria,CPR,0.0017566016071923901,2.2934137350006224e-4
Groundwater,Ca. Glassbacteria,CPR,0.003701787467362745,3.8188110702621155e-4
Groundwater,Ca. Bathyarchaeota,CPR,0.00742242624804967,0
Groundwater,Ca. Woesearchaeota,DPANN,0.00133062694274648,1.3940198883207594e-4
Groundwater,Ca. Buchananbacteria,CPR,0.005698709173170364,4.5903507187221526e-4
Groundwater,Ca. Thermoplasmatota,CPR,0.00144064074179662,0
Groundwater,Aquificota,Bonafide,0.0664188628162954,0
Groundwater,Ca. Taylorbacteria,CPR,0.00166050889396236,2.0389315127263154e-4
Groundwater,Ca. Yanofskybacteria,CPR,0.0012233068197842337,1.3720043067357336e-4
Groundwater,Ca. Tectomicrobia,CPR,0.0016414899588412801,4.57845386561383e-4
Groundwater,Ca. Nealsonbacteria,CPR,0.002411680284361005,2.6735285999595086e-4
Groundwater,Ca. division Zixibacteria,CPR,0.009969503982866827,9.960399545085204e-4
Groundwater,Ca. Daviesbacteria,CPR,0.004709778678300426,4.3016434625975814e-4
Groundwater,Ca. Gottesmanbacteria,CPR,0.003606020170075095,3.624088392517092e-4
Groundwater,Ca. Melainabacteria,CPR,0.002664285950789839,2.17538584454869e-4
Groundwater,Ca. division WWE3,CPR,0.01051655791697218,5.886334337287511e-4
Groundwater,Ca. Levybacteria,CPR,0.002950138172044106,2.2606748774509433e-4
Groundwater,Kiritimatiellota,Bonafide,9.9071748074153e-4,0
Groundwater,Ca. Micrarchaeota,DPANN,0.0026189257345981126,2.200535086786949e-4
Groundwater,Ca. Handelsmanbacteria,CPR,0.0033829740010027382,3.31047572218722e-4
Groundwater,Nitrospinota,Bonafide,6.815390927821213e-4,9.413105546587322e-5
Groundwater,Ca. Moranbacteria,CPR,0.0025180548104900688,2.688918998286019e-4
Groundwater,Ca. Woesebacteria,CPR,0.001332547922096085,1.331429206522212e-4
Groundwater,Ca. Roizmanbacteria,CPR,0.002001094118916095,2.2683848594557592e-4
Groundwater,Ca. Falkowbacteria,CPR,0.0040907042003378025,3.5562826203056405e-4
Groundwater,Ca. Marinimicrobia,CPR,0.00268760643252475,0
Groundwater,Ca. Uhrbacteria,CPR,0.0015466719346517437,1.5952151098091552e-4
Groundwater,Ca. Nomurabacteria,CPR,0.0023295340417340276,2.42105962308346e-4
Groundwater,Coprothermobacterota,Bonafide,0.00109762863559359,0
Groundwater,Ca. Kaiserbacteria,CPR,0.0031740885041968577,2.6061051592496924e-4
Groundwater,Fibrobacterota,Bonafide,8.100288732209e-4,0
Groundwater,Ca. Magasanikbacteria,CPR,0.00277342819101843,2.3516499719234958e-4
Groundwater,Ca. Peregrinibacteria,CPR,0.002161129862575425,2.508096611909648e-4
Groundwater,Ca. division NC10,CPR,0.011644122096287662,8.716489142202555e-4
Groundwater,Atribacterota,Bonafide,0.046962469731126055,0.008305630412110496
Groundwater,Thermoproteota,Bonafide,3.0912260235382e-4,0
Groundwater,Chlorobiota,Bonafide,0.00136497883000009,0
Groundwater,Ca. Cloacimonetes,CPR,0.0058373092790861,0
Groundwater,Armatimonadota,Bonafide,0.05961144632032,0
Groundwater,Lentisphaerota,Bonafide,8.1757132714027e-4,1.286642148546399e-4
Groundwater,Bdellovibrionota,Bonafide,0.0204991783707659,0
Groundwater,Ca. Saccharibacteria,CPR,0.00151359993328448,0
Groundwater,Ca. Aminicenantes,CPR,0.00821305737161482,0
Groundwater,Deferribacterota,Bonafide,9.6745513086549e-4,0
Groundwater,Ignavibacteriota,Bonafide,9.763521773262251e-4,1.0927989005378973e-4
Groundwater,Ca. Omnitrophica,CPR,0.00223934154632256,2.671968584155e-4
Groundwater,Synergistota,Bonafide,4.28018865877615e-4,2.064433246671319e-4
Groundwater,Elusimicrobiota,Bonafide,9.466336468947326e-4,1.3207185564428567e-4
Groundwater,Mycoplasmatota,Bonafide,7.3497510904885e-4,0
Groundwater,Ca. Rokubacteria,CPR,0.00178647652993924,3.1925237057444403e-4
Groundwater,Nitrospirota,Bonafide,5.744636651199967e-4,1.0746160773372059e-4
Groundwater,Thermotogota,Bonafide,3.2882574999848e-4,0
Groundwater,Fusobacteriota,Bonafide,6.5967565184887e-4,0
Groundwater,Spirochaetota,Bonafide,3.9828003951586e-4,6.282697128547238e-5
Groundwater,Chloroflexota,Bonafide,0.0010984358630714,3.447382404490333e-4
Groundwater,Myxococcota,Bonafide,8.1332836035863e-4,0
Groundwater,Acidobacteriota,Bonafide,0.110467984322242,0
Groundwater,Planctomycetota,Bonafide,5.991573349914586e-4,1.0518878833487473e-4
Groundwater,Thermodesulfobacteriota,Bonafide,4.408465524731e-4,1.1288315966970246e-4
Groundwater,Cyanobacteriota,Bonafide,0.00110378815613954,0
Groundwater,Bacteroidota,Bonafide,0.02357629537447245,0.0014387029335079478
Groundwater,Bacillota,Bonafide,0.0252105249375244,1.241417867652171e-4
Groundwater,Actinomycetota,Bonafide,0.07624151511536151,8.502998454549982e-4
Groundwater,Pseudomonadota,Bonafide,4.6890741763949e-4,4.469010254082569e-5
Human Host,Ca. Veblenbacteria,CPR,0.00123472750678577,0
Human Host,Ca. Huberarchaea,DPANN,0.0026825301448953898,1.604956387933719e-4
Human Host,Ca. Brennerbacteria,CPR,0.00487107358726524,3.521822933343373e-4
Human Host,Ca. Aenigmarchaeota,DPANN,0.008375415061135979,0.0019740123781158774
Human Host,Ca. Odinarchaeota,CPR,0.00186748434923256,0
Human Host,Ca. Calescamantes,CPR,0.00345057980950902,0
Human Host,Ca. Jacksonbacteria,CPR,0.00262022393032951,1.7223823544871276e-4
Human Host,Ca. Altiarchaeota,DPANN,0.00538503383759115,0
Human Host,Ca. division CPR1,CPR,0.0148008362970712,0.002314535817410199
Human Host,Ca. division CPR3,CPR,0.011756395664212174,0.0026060145452427843
Human Host,Ca. Microgenomates,CPR,0.0017838991022988675,1.8475999131536882e-4
Human Host,Ca. division WOR-3,CPR,0.0123744476807457,0
Human Host,Ca. Abawacabacteria,CPR,0.008410144307314519,0.0021863514706258937
Human Host,Ca. division CPR2,CPR,0.0123517273741491,0.0012878489466941695
Human Host,Ca. Parcubacteria,CPR,0.00125044308525157,0
Human Host,Nanoarchaeota,DPANN,6.145327853439e-4,1.192857834523122e-4
Human Host,Ca. Ratteibacteria,CPR,0.0015585705977208366,2.868412581020157e-4
Human Host,Ca. Gribaldobacteria,CPR,0.002500572106819225,8.252320277676047e-5
Human Host,Ca. Wirthbacteria,CPR,9.114385757339675e-4,2.840624947762506e-4
Human Host,Ca. Hydrogenedentes,CPR,0.0021774041474064234,1.8873696090743408e-4
Human Host,Ca. Tagabacteria,CPR,0.001430017285628915,7.551443781422024e-5
Human Host,Ca. Niyogibacteria,CPR,0.001887023353973175,3.2907994641350247e-6
Human Host,Ca. Blackburnbacteria,CPR,0.00516623723628196,3.7565843601378477e-4
Human Host,Ca. Delongbacteria,CPR,0.0038197743943956253,6.775102259751359e-5
Human Host,Ca. Andersenbacteria,CPR,0.0057097116338526675,9.880408340890289e-4
Human Host,Ca. Diapherotrites,DPANN,0.003164731749433605,1.2390260156753665e-4
Human Host,Ca. Spechtbacteria,CPR,0.00129314392472751,7.291855054252016e-5
Human Host,Ca. Fraserbacteria,CPR,0.00250364973863992,0
Human Host,Caldisericota,Bonafide,0.015721074065586,0
Human Host,Ca. Colwellbacteria,CPR,0.003524307541700772,9.946778338889863e-5
Human Host,Ca. Fischerbacteria,CPR,0.002893896403492135,0
Human Host,Ca. Sumerlaeota,CPR,0.0011269041308114,3.345220723268326e-4
Human Host,Ca. Terrybacteria,CPR,0.0011055316224578607,1.7082730337911206e-4
Human Host,Ca. Gracilibacteria,CPR,0.00189392299954405,0
Human Host,Ca. Blackallbacteria,CPR,0.004135546316263033,5.483868926282311e-4
Human Host,Ca. Wallbacteria,CPR,9.628816369201662e-4,2.417599722658835e-4
Human Host,Dictyoglomota,Bonafide,7.4395473485999e-4,0
Human Host,Ca. Wildermuthbacteria,CPR,0.0011219674591126374,7.843211309367095e-5
Human Host,Ca. Kuenenbacteria,CPR,0.00213603223014462,5.19110527380752e-4
Human Host,Ca. Amesbacteria,CPR,0.00659473943068604,7.23637024907057e-4
Human Host,Ca. Lokiarchaeota,CPR,0.00210251530895367,0
Human Host,Ca. Vogelbacteria,CPR,0.0011623275636050501,2.7023202201566996e-4
Human Host,Ca. Bipolaricaulota,CPR,0.00435458462736173,9.623603969530386e-4
Human Host,Ca. Raymondbacteria,CPR,0.0013147189849286667,2.777274038765534e-4
Human Host,Ca. Woykebacteria,CPR,0.0010245112426221774,1.0266499094914359e-4
Human Host,Ca. Ryanbacteria,CPR,0.00136499986633415,8.077355602753292e-5
Human Host,Balneolota,Bonafide,0.024232358142285026,0.004576240157879972
Human Host,Ca. Adlerbacteria,CPR,0.00868899424655573,0.001774973471141893
Human Host,Ca. Margulisbacteria,CPR,0.0018210409222657,0
Human Host,Ca. Azambacteria,CPR,0.006417048684854875,8.820421991747841e-4
Human Host,Ca. Campbellbacteria,CPR,0.00396867820028482,4.0919546044598847e-4
Human Host,Ca. Firestonebacteria,CPR,0.00294599684457275,6.214218899641341e-5
Human Host,Ca. Heimdallarchaeota,CPR,0.0023068548553008,0
Human Host,Ca. Beckwithbacteria,CPR,0.005160187512718101,3.2846154820343376e-4
Human Host,Ca. Dadabacteria,CPR,0.002671463595834255,9.974452183193236e-4
Human Host,Ca. Harrisonbacteria,CPR,0.0022708369502664203,5.772510646581926e-4
Human Host,Ca. Liptonbacteria,CPR,0.0016804862937117766,4.510478268457115e-4
Human Host,Ca. Jorgensenbacteria,CPR,0.0020011385113717075,1.9572772610244895e-4
Human Host,Ca. Collierbacteria,CPR,0.0035837802961021553,7.685134391905028e-5
Human Host,Ca. Kerfeldbacteria,CPR,0.0021723366340843627,1.737610794679966e-4
Human Host,Chrysiogenota,Bonafide,7.6634605809511e-4,2.1015960380804953e-4
Human Host,Ca. Komeilibacteria,CPR,0.001881207344335816,3.842073882367907e-4
Human Host,Ca. Yonathbacteria,CPR,0.0010704668286682351,1.229482100505542e-4
Human Host,Ca. Riflebacteria,CPR,0.0013807690954856775,8.246958385811385e-5
Human Host,Ca. Absconditabacteria,CPR,0.008711927661721271,0.0013780499710466
Human Host,Ca. Sungbacteria,CPR,0.00112793684351986,2.6350416574709835e-4
Human Host,Ca. Portnoybacteria,CPR,0.0014885965053804124,3.8898177711873204e-5
Human Host,Ca. Thorarchaeota,CPR,0.00141967388471975,0
Human Host,Ca. Giovannonibacteria,CPR,0.0029149286934939704,7.399216406500132e-5
Human Host,Ca. Desantisbacteria,CPR,0.0030367150955133066,6.928353437403093e-4
Human Host,Ca. Edwardsbacteria,CPR,0.002485802348046835,7.910411148205413e-4
Human Host,Ca. Lloydbacteria,CPR,0.001840311279503955,0
Human Host,Ca. Shapirobacteria,CPR,0.0012478872103218366,2.5700819806926496e-4
Human Host,Ca. Pacebacteria,CPR,0.0014460754579885085,3.133809763010996e-4
Human Host,Ca. Lindowbacteria,CPR,0.0015907389186832612,6.580921843868823e-4
Human Host,Ca. Curtissbacteria,CPR,0.00348894670678104,3.241192630529075e-5
Human Host,Ca. Wolfebacteria,CPR,0.0010457846908694401,1.0589231780342094e-4
Human Host,Ca. Coatesbacteria,CPR,0.0033653063026912724,7.58899974361978e-5
Human Host,Ca. Doudnabacteria,CPR,0.0026363239340803646,5.905756127130061e-4
Human Host,Ca. Schekmanbacteria,CPR,0.0013333286559050498,1.2107186706709616e-4
Human Host,Ca. Zambryskibacteria,CPR,9.227882061726674e-4,1.7280293176755588e-4
Human Host,Ca. Berkelbacteria,CPR,0.0049378895826953945,1.2657569092634318e-4
Human Host,Calditrichota,Bonafide,0.01978249178001075,0.003042245651547325
Human Host,Ca. Staskawiczbacteria,CPR,0.0012822070554273902,8.557895908596231e-5
Human Host,Ca. Glassbacteria,CPR,0.0022941459510653077,4.347456240784507e-5
Human Host,Ca. Bathyarchaeota,CPR,0.00686225438631105,0
Human Host,Ca. Woesearchaeota,DPANN,0.00108279015746984,1.0170561712864847e-4
Human Host,Ca. Buchananbacteria,CPR,0.004124875177512422,4.128658774253868e-4
Human Host,Ca. Thermoplasmatota,CPR,0.00106824634264413,4.0248672671280424e-5
Human Host,Aquificota,Bonafide,0.08613812861778519,0
Human Host,Ca. Taylorbacteria,CPR,0.00123940690329146,2.753534158243958e-4
Human Host,Ca. Yanofskybacteria,CPR,9.366982642045232e-4,2.0629818376769152e-4
Human Host,Ca. Tectomicrobia,CPR,9.91428829926527e-4,2.8044768817459627e-4
Human Host,Ca. Nealsonbacteria,CPR,0.0016192564535637,7.118818406129724e-6
Human Host,Ca. division Zixibacteria,CPR,0.010120894637343772,0.001542260178199533
Human Host,Ca. Daviesbacteria,CPR,0.00315083203540112,7.562140440176319e-4
Human Host,Ca. Gottesmanbacteria,CPR,0.0024079962189511766,5.608453198393206e-4
Human Host,Ca. Melainabacteria,CPR,0.0018944142174782152,0
Human Host,Ca. division WWE3,CPR,0.009629352706033831,6.452727970376529e-4
Human Host,Ca. Levybacteria,CPR,0.0019269691223168248,5.106510410358563e-4
Human Host,Kiritimatiellota,Bonafide,4.896797111857933e-4,2.448572854621405e-4
Human Host,Ca. Micrarchaeota,DPANN,0.0016720822225769225,1.6297074118687196e-4
Human Host,Ca. Handelsmanbacteria,CPR,0.001799970122796922,6.665224432234752e-4
Human Host,Nitrospinota,Bonafide,4.3889872685228166e-4,1.1878556231180031e-4
Human Host,Ca. Moranbacteria,CPR,0.0015526211627961057,2.3232255304667538e-4
Human Host,Ca. Woesebacteria,CPR,9.94303536988035e-4,3.05629374285177e-4
Human Host,Ca. Roizmanbacteria,CPR,0.0013284284293891848,2.0351257573300385e-4
Human Host,Ca. Falkowbacteria,CPR,0.0027492656096521468,7.711602855414129e-4
Human Host,Ca. Eisenbacteria,CPR,0.002165271809758027,8.984299408165497e-4
Human Host,Ca. Marinimicrobia,CPR,0.00157194168563657,0
Human Host,Ca. Uhrbacteria,CPR,0.0010316892801486375,1.7241144544344046e-4
Human Host,Ca. Nomurabacteria,CPR,0.0015870781218843,2.7755276817041834e-5
Human Host,Coprothermobacterota,Bonafide,6.7782316627917e-4,0
Human Host,Ca. Kaiserbacteria,CPR,0.0017421592818066334,8.205334205968342e-4
Human Host,Fibrobacterota,Bonafide,7.1388328111754e-4,0
Human Host,Ca. Magasanikbacteria,CPR,0.001941562702325345,1.3357014745118506e-4
Human Host,Ca. Peregrinibacteria,CPR,0.0014725216868119726,4.5580832665490215e-5
Human Host,Ca. division NC10,CPR,0.014017316125876884,0.0017000236806757622
Human Host,Chlamydiota,Bonafide,8.81312905791545e-4,2.626503147017385e-4
Human Host,Atribacterota,Bonafide,0.03657031350691575,0.002944377855878859
Human Host,Thermoproteota,Bonafide,2.2413410477578e-4,2.1112463587817636e-6
Human Host,Chlorobiota,Bonafide,7.78275855211615e-4,2.280589921278857e-4
Human Host,Ca. Cloacimonetes,CPR,0.00292613863824098,0
Human Host,Armatimonadota,Bonafide,0.07293744775083591,0.014356540935895251
Human Host,Lentisphaerota,Bonafide,5.039206843049325e-4,1.6813337143165214e-4
Human Host,Bdellovibrionota,Bonafide,0.020213527681774097,0
Human Host,Ca. Saccharibacteria,CPR,0.001185649732081196,2.1675169753394873e-4
Human Host,Ca. Aminicenantes,CPR,0.006375151467600775,0.001606063827938188
Human Host,Thermomicrobiota,Bonafide,1.8637060046633e-4,0
Human Host,Deferribacterota,Bonafide,7.7826791019541e-4,0
Human Host,Ignavibacteriota,Bonafide,6.441828011182725e-4,2.3997115390820862e-4
Human Host,Ca. Omnitrophica,CPR,0.0013215673027475025,4.5062111087426e-4
Human Host,Synergistota,Bonafide,2.8906089227955e-4,8.082063968665526e-5
Human Host,Elusimicrobiota,Bonafide,5.62388447510569e-4,1.928489019084869e-4
Human Host,Mycoplasmatota,Bonafide,5.9158617333404e-4,7.099316242997029e-5
Human Host,Ca. Rokubacteria,CPR,0.001165157101276655,3.974786027926117e-4
Human Host,Gemmatimonadota,Bonafide,5.2545627774667e-4,2.473918076610337e-4
Human Host,Deinococcota,Bonafide,6.071951128153676e-4,3.777604648080793e-4
Human Host,Nitrososphaerota,Bonafide,6.366592337742e-4,0
Human Host,Nitrospirota,Bonafide,3.4275445092074125e-4,1.1629592633204076e-4
Human Host,Thermotogota,Bonafide,1.8163804083082e-4,0
Human Host,Fusobacteriota,Bonafide,6.003175643688693e-4,1.5381733368556e-4
Human Host,Spirochaetota,Bonafide,3.2233137114534897e-4,8.719281032317246e-5
Human Host,Chloroflexota,Bonafide,6.69425608181249e-4,2.0538039668925262e-4
Human Host,Verrucomicrobiota,Bonafide,1.0713978656893423e-4,6.190770792851639e-5
Human Host,Campylobacterota,Bonafide,0.016515952044039574,3.3986668642638595e-5
Human Host,Myxococcota,Bonafide,4.1023331601877124e-4,1.666954127890313e-4
Human Host,Acidobacteriota,Bonafide,0.13724063544487633,0.024703756563418784
Human Host,Euryarchaeota,Bonafide,5.8396148462602e-4,0
Human Host,Planctomycetota,Bonafide,3.1799409636948297e-4,1.1749453155084942e-4
Human Host,Thermodesulfobacteriota,Bonafide,3.62736272802365e-4,1.3775659509024967e-4
Human Host,Cyanobacteriota,Bonafide,7.8271145335806e-4,0
Human Host,Bacteroidota,Bonafide,0.026910454452194102,0.004721211831315543
Human Host,Bacillota,Bonafide,0.031124162651319776,0.0037606555881723753
Human Host,Actinomycetota,Bonafide,0.12770180946652568,0.01339014172612163
Human Host,Pseudomonadota,Bonafide,3.550781083831473e-4,1.0180038811824453e-4
Plant Host,Ca. Veblenbacteria,CPR,0.00161010409452622,0
Plant Host,Ca. Huberarchaea,DPANN,0.003275315371905065,0
Plant Host,Ca. Korarchaeota,CPR,0.00203811412924848,0
Plant Host,Ca. Brennerbacteria,CPR,0.00604905949440104,0
Plant Host,Ca. Aenigmarchaeota,DPANN,0.00874187801733678,0
Plant Host,Ca. Odinarchaeota,CPR,0.00196530590931615,4.709545561264029e-4
Plant Host,Ca. Calescamantes,CPR,0.00397111112295878,0
Plant Host,Ca. Jacksonbacteria,CPR,0.00329705791841184,0
Plant Host,Ca. Altiarchaeota,DPANN,0.00628831277492747,0
Plant Host,Ca. division CPR1,CPR,0.015157321173235351,0
Plant Host,Ca. division CPR3,CPR,0.01371221213897905,1.1398296960291598e-5
Plant Host,Ca. Microgenomates,CPR,0.002191489567020085,0
Plant Host,Ca. division WOR-3,CPR,0.0132294481230814,0
Plant Host,Ca. Abawacabacteria,CPR,0.0107100681724713,0
Plant Host,Ca. division CPR2,CPR,0.01444549972761025,6.151934276196117e-4
Plant Host,Ca. Parcubacteria,CPR,0.00149013604628556,0
Plant Host,Nanoarchaeota,DPANN,7.97344053246185e-4,1.0977496495066388e-4
Plant Host,Ca. Ratteibacteria,CPR,0.002162874051761185,0
Plant Host,Ca. Gribaldobacteria,CPR,0.00308434061222956,0
Plant Host,Ca. Wirthbacteria,CPR,0.00158111952225426,0
Plant Host,Ca. Hydrogenedentes,CPR,0.00323378094106075,0
Plant Host,Ca. Tagabacteria,CPR,0.0015725982998861885,3.6233811614548497e-4
Plant Host,Ca. Niyogibacteria,CPR,0.00236815491973064,0
Plant Host,Ca. Blackburnbacteria,CPR,0.005441786389374592,9.414204633670274e-4
Plant Host,Ca. Delongbacteria,CPR,0.00478563818860878,0
Plant Host,Ca. Andersenbacteria,CPR,0.007045516363047595,0.001627906050531664
Plant Host,Ca. Diapherotrites,DPANN,0.003813214589064915,0
Plant Host,Ca. Spechtbacteria,CPR,0.0017406828187560577,0.00045838438550447784
Plant Host,Ca. Fraserbacteria,CPR,0.00371995933439184,0
Plant Host,Caldisericota,Bonafide,0.0207700924390243,0
Plant Host,Ca. Colwellbacteria,CPR,0.004559890209122977,7.724815587720553e-4
Plant Host,Ca. Fischerbacteria,CPR,0.00390799931908947,0
Plant Host,Ca. Sumerlaeota,CPR,0.00151852669867153,5.226505693448735e-4
Plant Host,Ca. Terrybacteria,CPR,0.00169345326617332,0
Plant Host,Ca. Gracilibacteria,CPR,0.0026986686087213017,7.211715282221625e-4
Plant Host,Ca. Blackallbacteria,CPR,0.0051433908758885,0.0011820594414221292
Plant Host,Ca. Wallbacteria,CPR,0.00119534508503255,0
Plant Host,Dictyoglomota,Bonafide,0.00100301460839003,0
Plant Host,Ca. Wildermuthbacteria,CPR,0.0015374119216702798,0
Plant Host,Ca. Kuenenbacteria,CPR,0.0026389379075131276,8.83592026501685e-4
Plant Host,Ca. Amesbacteria,CPR,0.008140128510187914,0
Plant Host,Ca. Lokiarchaeota,CPR,0.00257586187465564,0
Plant Host,Ca. Vogelbacteria,CPR,0.0013829673894925616,4.022860073399643e-4
Plant Host,Ca. Bipolaricaulota,CPR,0.00601938560857096,0
Plant Host,Ca. Raymondbacteria,CPR,0.0021338519587180103,0
Plant Host,Ca. Woykebacteria,CPR,0.0012981875847134774,2.459521418254271e-4
Plant Host,Ca. Ryanbacteria,CPR,0.002003580528962875,0
Plant Host,Balneolota,Bonafide,0.0287853241479585,0
Plant Host,Ca. Adlerbacteria,CPR,0.00964811259549873,0
Plant Host,Ca. Margulisbacteria,CPR,0.00180120510493398,0
Plant Host,Ca. Azambacteria,CPR,0.00745938005103375,0
Plant Host,Ca. Campbellbacteria,CPR,0.00517364408553908,8.987883152276874e-4
Plant Host,Ca. Firestonebacteria,CPR,0.0035676957921330268,7.977699148108334e-4
Plant Host,Ca. Heimdallarchaeota,CPR,0.0028184970421547004,5.027346693668266e-4
Plant Host,Ca. Beckwithbacteria,CPR,0.006850886815542245,0
Plant Host,Ca. Dadabacteria,CPR,0.00475478537113405,0
Plant Host,Ca. Harrisonbacteria,CPR,0.0031896284580026375,4.55383490516695e-4
Plant Host,Ca. Liptonbacteria,CPR,0.0024026952031085567,6.430807959884646e-4
Plant Host,Ca. Jorgensenbacteria,CPR,0.003206891610423755,0
Plant Host,Ca. Collierbacteria,CPR,0.00507110921955933,0
Plant Host,Ca. Kerfeldbacteria,CPR,0.00292486432292141,5.86210401431059e-4
Plant Host,Chrysiogenota,Bonafide,0.00134480256824376,0
Plant Host,Ca. Komeilibacteria,CPR,0.003045843400970585,0
Plant Host,Ca. Yonathbacteria,CPR,0.00118898221941632,0
Plant Host,Ca. Riflebacteria,CPR,0.002086406809865605,0
Plant Host,Ca. Absconditabacteria,CPR,0.00814907234995691,5.928294298630638e-4
Plant Host,Ca. Sungbacteria,CPR,0.0018044697603537,0
Plant Host,Ca. Portnoybacteria,CPR,0.002191177335936875,0
Plant Host,Ca. Thorarchaeota,CPR,0.00168709545699441,0
Plant Host,Ca. Giovannonibacteria,CPR,0.003722308285970755,0
Plant Host,Ca. Desantisbacteria,CPR,0.0045850066932264805,0
Plant Host,Ca. Edwardsbacteria,CPR,0.004276477932063705,0
Plant Host,Ca. Shapirobacteria,CPR,0.00191893582114355,0
Plant Host,Ca. Pacebacteria,CPR,0.0020926337634132024,5.28235077652033e-4
Plant Host,Ca. Lindowbacteria,CPR,0.0019561249264777028,5.2902741821171e-4
Plant Host,Ca. Curtissbacteria,CPR,0.0043536421510707414,7.535003076447516e-4
Plant Host,Ca. Wolfebacteria,CPR,0.001405016715973095,0
Plant Host,Ca. Coatesbacteria,CPR,0.004903209101074,0
Plant Host,Ca. Doudnabacteria,CPR,0.0038767483452112053,0.0012048222011363278
Plant Host,Ca. Schekmanbacteria,CPR,0.0017570760667981501,4.76167236847729e-4
Plant Host,Ca. Zambryskibacteria,CPR,0.001285558569862455,0
Plant Host,Ca. Berkelbacteria,CPR,0.0055669053281365306,0
Plant Host,Calditrichota,Bonafide,0.0221324206166482,0
Plant Host,Ca. Staskawiczbacteria,CPR,0.0018087479942398,0
Plant Host,Ca. Glassbacteria,CPR,0.00353266859902163,0
Plant Host,Ca. Bathyarchaeota,CPR,0.00713190006120401,0
Plant Host,Ca. Woesearchaeota,DPANN,0.001463230016887365,0
Plant Host,Ca. Buchananbacteria,CPR,0.005334228206383325,0.0010468579650254846
Plant Host,Ca. Thermoplasmatota,CPR,0.00108061785753044,0
Plant Host,Aquificota,Bonafide,0.0708401325984669,0.022947973314651628
Plant Host,Ca. Taylorbacteria,CPR,0.0013767234047566976,3.7442315285439063e-4
Plant Host,Ca. Yanofskybacteria,CPR,0.00117226650191467,3.423902292602087e-4
Plant Host,Ca. Tectomicrobia,CPR,0.0012704274736110566,4.4731253941336803e-4
Plant Host,Ca. Nealsonbacteria,CPR,0.002462471124366595,0
Plant Host,Ca. division Zixibacteria,CPR,0.0110284586079927,0
Plant Host,Ca. Daviesbacteria,CPR,0.0035402591601011585,7.747667700956154e-4
Plant Host,Ca. Gottesmanbacteria,CPR,0.0030547670793617168,7.720067459586311e-4
Plant Host,Ca. Melainabacteria,CPR,0.002255575977691885,0
Plant Host,Ca. division WWE3,CPR,0.011030446843856484,6.056931438159038e-4
Plant Host,Ca. Levybacteria,CPR,0.0024956671097032647,5.861176241760373e-4
Plant Host,Kiritimatiellota,Bonafide,0.0011660519602873,0
Plant Host,Ca. Micrarchaeota,DPANN,0.00272023404277022,0
Plant Host,Ca. Handelsmanbacteria,CPR,0.0030329064515722277,0.001018857856255008
Plant Host,Nitrospinota,Bonafide,7.832652274972749e-4,0
Plant Host,Ca. Moranbacteria,CPR,0.00248426397311857,0
Plant Host,Ca. Woesebacteria,CPR,0.0011718253974631336,2.5183879952317704e-4
Plant Host,Ca. Roizmanbacteria,CPR,0.001742728426388271,4.2467764077652606e-4
Plant Host,Ca. Falkowbacteria,CPR,0.004142534122880626,0
Plant Host,Ca. Eisenbacteria,CPR,0.00270619202435876,4.7230932461230597e-4
Plant Host,Ca. Marinimicrobia,CPR,0.00177906567287556,0
Plant Host,Ca. Uhrbacteria,CPR,0.001463339421493235,5.228624323704673e-4
Plant Host,Ca. Nomurabacteria,CPR,0.00234369632192044,0
Plant Host,Coprothermobacterota,Bonafide,0.00089966459034706995,0
Plant Host,Ca. Kaiserbacteria,CPR,0.00316194658750518,0
Plant Host,Fibrobacterota,Bonafide,7.412030838777e-4,0
Plant Host,Ca. Magasanikbacteria,CPR,0.002517311459138195,4.992930675063743e-4
Plant Host,Ca. Peregrinibacteria,CPR,0.0022250371893312547,0
Plant Host,Ca. division NC10,CPR,0.01288389329257585,0
Plant Host,Chlamydiota,Bonafide,9.0839732256683e-4,1.7608414227105655e-4
Plant Host,Atribacterota,Bonafide,0.0528022220407596,0
Plant Host,Thermoproteota,Bonafide,2.5020303149858e-4,0
Plant Host,Chlorobiota,Bonafide,0.0013776171572929,0
Plant Host,Ca. Cloacimonetes,CPR,0.00424995813923645,0
Plant Host,Armatimonadota,Bonafide,0.0826034518486419,0.02195189114225216
Plant Host,Lentisphaerota,Bonafide,9.59649429989105e-4,0
Plant Host,Bdellovibrionota,Bonafide,0.022272173682746,0
Plant Host,Ca. Saccharibacteria,CPR,0.00100045594447329,0
Plant Host,Ca. Aminicenantes,CPR,0.00809714189362654,0
Plant Host,Thermomicrobiota,Bonafide,3.8838562981591e-4,0
Plant Host,Deferribacterota,Bonafide,8.1062586556013e-4,0
Plant Host,Ignavibacteriota,Bonafide,9.8078338205748e-4,3.063340474475723e-4
Plant Host,Ca. Omnitrophica,CPR,0.002311799262744605,0
Plant Host,Synergistota,Bonafide,3.1576628343820497e-4,1.2200250766341574e-4
Plant Host,Elusimicrobiota,Bonafide,9.269239167573275e-4,4.239779521188371e-4
Plant Host,Mycoplasmatota,Bonafide,6.89253965011455e-4,1.2575319609345692e-4
Plant Host,Ca. Rokubacteria,CPR,0.001480276235902159,3.1444101067260293e-4
Plant Host,Gemmatimonadota,Bonafide,7.772754938944987e-4,1.5477375816391016e-4
Plant Host,Nitrososphaerota,Bonafide,8.8421487576717e-4,0
Plant Host,Nitrospirota,Bonafide,6.79652515521095e-4,1.7732929452911675e-4
Plant Host,Thermotogota,Bonafide,2.5527071983744e-4,0
Plant Host,Fusobacteriota,Bonafide,6.4778723433017e-4,1.1673339529284427e-4
Plant Host,Spirochaetota,Bonafide,3.5079749076688e-4,5.730336118842878e-5
Plant Host,Chloroflexota,Bonafide,0.0010084778624759668,3.2207583831269623e-4
Plant Host,Verrucomicrobiota,Bonafide,1.7614302476876e-4,0
Plant Host,Campylobacterota,Bonafide,0.01589241368452935,6.506517443717925e-4
Plant Host,Myxococcota,Bonafide,6.713294311230049e-4,1.460890616015716e-4
Plant Host,Acidobacteriota,Bonafide,0.11496610407790525,0.026442848558930584
Plant Host,Planctomycetota,Bonafide,0.00056655029136884005,2.7827381345371194e-4
Plant Host,Thermodesulfobacteriota,Bonafide,5.40515445804075e-4,0
Plant Host,Cyanobacteriota,Bonafide,0.00103641185471826,0
Plant Host,Bacteroidota,Bonafide,0.0246177868721145,0.0020875290630415788
Plant Host,Bacillota,Bonafide,0.03232118698854086,0.0021002369801682266
Plant Host,Actinomycetota,Bonafide,0.0952392771846117,0.01636089162357552
Plant Host,Pseudomonadota,Bonafide,3.95081048001175e-4,7.644493783254272e-5
Saline Water,Ca. Veblenbacteria,CPR,0.00143898207113813,2.029758033252625e-4
Saline Water,Ca. Huberarchaea,DPANN,0.00255123729265394,6.436711675208756e-4
Saline Water,Ca. Korarchaeota,CPR,0.0019030548844113926,1.0638689019163118e-5
Saline Water,Ca. Brennerbacteria,CPR,0.0049822235295317405,0.0012493061564987516
Saline Water,Ca. Aenigmarchaeota,DPANN,0.008884463100331249,0.0011235113467323713
Saline Water,Ca. Odinarchaeota,CPR,0.0015781580598362268,1.3623305709647876e-4
Saline Water,Ca. Calescamantes,CPR,0.00360174913349124,2.972151893829446e-4
Saline Water,Ca. Jacksonbacteria,CPR,0.0025605698209833667,6.179479156355251e-4
Saline Water,Ca. Altiarchaeota,DPANN,0.007056334947742262,0.0012611857004590605
Saline Water,Ca. division CPR1,CPR,0.0160736079592632,0.0024136988572504314
Saline Water,Ca. division CPR3,CPR,0.013833756950872217,0.002676138393030308
Saline Water,Ca. Microgenomates,CPR,0.0018329958751363276,5.314619052048955e-4
Saline Water,Ca. division WOR-3,CPR,0.0136215407176415,0
Saline Water,Ca. Abawacabacteria,CPR,0.0069575835622665005,6.501136432064744e-4
Saline Water,Ca. division CPR2,CPR,0.01287305453072128,0.002161527796707044
Saline Water,Ca. Parcubacteria,CPR,0.0013491332406034688,1.0013394330057265e-4
Saline Water,Nanoarchaeota,DPANN,7.650272176856134e-4,1.973484627220135e-5
Saline Water,Ca. Ratteibacteria,CPR,0.001837828045362535,3.8036006711495503e-4
Saline Water,Ca. Gribaldobacteria,CPR,0.002347261017764609,5.39498905839283e-4
Saline Water,Ca. Wirthbacteria,CPR,0.00113342036518188,0
Saline Water,Ca. Hydrogenedentes,CPR,0.0023789498948926235,7.916097076750635e-4
Saline Water,Ca. Tagabacteria,CPR,0.00147615511466598,2.9817668463590357e-4
Saline Water,Ca. Niyogibacteria,CPR,0.00199687429163897,4.3119204627930466e-4
Saline Water,Ca. Blackburnbacteria,CPR,0.005003914490691095,0.0010921277812096968
Saline Water,Ca. Delongbacteria,CPR,0.00454863205841993,0
Saline Water,Ca. Andersenbacteria,CPR,0.0055495671661486,0.0011380096816772632
Saline Water,Ca. Diapherotrites,DPANN,0.002839563081834098,6.845922584435811e-4
Saline Water,Ca. Spechtbacteria,CPR,0.001331429640397476,2.886355863471937e-4
Saline Water,Ca. Fraserbacteria,CPR,0.00255479452361812,0
Saline Water,Caldisericota,Bonafide,0.019065745832288726,0.004635604261177768
Saline Water,Ca. Colwellbacteria,CPR,0.003471503693781798,7.842767505013026e-4
Saline Water,Ca. Fischerbacteria,CPR,0.00268575361712764,2.6389117953717065e-4
Saline Water,Ca. Sumerlaeota,CPR,0.0012050547812609276,1.395156654751395e-4
Saline Water,Ca. Terrybacteria,CPR,0.001347398197861615,4.1910732812078846e-4
Saline Water,Ca. Gracilibacteria,CPR,0.00259489457008499,0
Saline Water,Ca. Chisholmbacteria,CPR,0.00514252571728535,0
Saline Water,Ca. Blackallbacteria,CPR,0.00412442116730353,2.577402975838842e-4
Saline Water,Ca. Wallbacteria,CPR,0.0012293736385468024,2.0321373266182275e-4
Saline Water,Dictyoglomota,Bonafide,8.898906446045008e-4,1.1206059900354473e-4
Saline Water,Ca. Wildermuthbacteria,CPR,0.0012340376303221498,3.599589450961163e-4
Saline Water,Ca. Kuenenbacteria,CPR,0.0030344064654968,0
Saline Water,Ca. Amesbacteria,CPR,0.0065311400927741655,0.0020083871551760803
Saline Water,Ca. Lokiarchaeota,CPR,0.00194786822454174,0
Saline Water,Ca. Vogelbacteria,CPR,0.00156884931073475,0
Saline Water,Ca. Bipolaricaulota,CPR,0.004790651826776708,0.0011585879978375478
Saline Water,Ca. Raymondbacteria,CPR,0.00182720062437597,3.934971262915861e-4
Saline Water,Ca. Woykebacteria,CPR,0.00109999878307685,1.7751446165199052e-4
Saline Water,Ca. Ryanbacteria,CPR,0.0015731720190161349,6.018039321774655e-4
Saline Water,Balneolota,Bonafide,0.01791652001741275,0.0011505019813821092
Saline Water,Ca. Adlerbacteria,CPR,0.00898958056023147,9.853136131208911e-4
Saline Water,Ca. Margulisbacteria,CPR,0.001678311007226739,4.709012752526985e-4
Saline Water,Ca. Azambacteria,CPR,0.006985241682641805,8.920847345169672e-5
Saline Water,Ca. Campbellbacteria,CPR,0.003660182278713728,7.710918636191164e-4
Saline Water,Ca. Firestonebacteria,CPR,0.0030562376963055833,7.582911186965898e-4
Saline Water,Ca. Heimdallarchaeota,CPR,0.002123005591948891,1.9130120255826734e-4
Saline Water,Ca. Beckwithbacteria,CPR,0.005255138491949877,0.0013118271659999293
Saline Water,Ca. Dadabacteria,CPR,0.00427899052046715,5.349797475121241e-4
Saline Water,Ca. Harrisonbacteria,CPR,0.00247398666663594,5.24142345398503e-4
Saline Water,Ca. Liptonbacteria,CPR,0.002428226823643855,6.525181783189819e-4
Saline Water,Ca. Jorgensenbacteria,CPR,0.002689103897720705,7.716936024440948e-4
Saline Water,Ca. Collierbacteria,CPR,0.004024111046246115,0.001257389455037516
Saline Water,Ca. Kerfeldbacteria,CPR,0.002217244460972515,6.255941907835557e-4
Saline Water,Chrysiogenota,Bonafide,9.469026900600367e-4,1.2250076966673618e-4
Saline Water,Ca. Komeilibacteria,CPR,0.00241866340722141,8.997673476895149e-4
Saline Water,Ca. Yonathbacteria,CPR,0.00131266823592469,0
Saline Water,Ca. Riflebacteria,CPR,0.001818600315651345,4.037772874580329e-4
Saline Water,Ca. Absconditabacteria,CPR,0.0072129173919580234,9.283746275641696e-4
Saline Water,Ca. Sungbacteria,CPR,0.00152007417440436,2.4114890261188755e-4
Saline Water,Ca. Portnoybacteria,CPR,0.001680731021398265,6.228519467182049e-4
Saline Water,Ca. Thorarchaeota,CPR,0.00131002867995311,0
Saline Water,Ca. Giovannonibacteria,CPR,0.00368938341713021,0
Saline Water,Ca. Desantisbacteria,CPR,0.00331572342082683,0.0010220758628735449
Saline Water,Ca. Edwardsbacteria,CPR,0.00355321668991554,7.710214684587475e-4
Saline Water,Ca. Lloydbacteria,CPR,0.00219163590207266,8.253448431525844e-4
Saline Water,Ca. Shapirobacteria,CPR,0.0015133409335038599,5.574444504162804e-4
Saline Water,Ca. Pacebacteria,CPR,0.001556889010511186,3.7669383780340103e-4
Saline Water,Ca. Lindowbacteria,CPR,0.001828077591411845,0
Saline Water,Ca. Curtissbacteria,CPR,0.003204157182844068,7.750760463303174e-4
Saline Water,Ca. Wolfebacteria,CPR,0.0011701967034167251,3.558430303668286e-4
Saline Water,Ca. Coatesbacteria,CPR,0.00380992782235751,0
Saline Water,Ca. Doudnabacteria,CPR,0.0034888274260552747,0.0010643289298453312
Saline Water,Ca. Schekmanbacteria,CPR,0.00140955852757732,3.6214720823416597e-4
Saline Water,Ca. Zambryskibacteria,CPR,0.00104726581136316,2.888283346084894e-4
Saline Water,Ca. Berkelbacteria,CPR,0.004892241887447345,9.922958959501125e-4
Saline Water,Calditrichota,Bonafide,0.0288054053443555,0
Saline Water,Ca. Staskawiczbacteria,CPR,0.0013544516716635167,3.36639943944966e-4
Saline Water,Ca. Glassbacteria,CPR,0.00263148185201528,7.662702621228066e-4
Saline Water,Ca. Bathyarchaeota,CPR,0.00690630434927053,0
Saline Water,Ca. Woesearchaeota,DPANN,0.0012108675754512633,2.5155737871254496e-4
Saline Water,Ca. Buchananbacteria,CPR,0.00446254819088543,0.001425834749256738
Saline Water,Ca. Thermoplasmatota,CPR,0.001088526330081055,6.89289059493357e-5
Saline Water,Aquificota,Bonafide,0.0931343377118119,0.0162594035621511
Saline Water,Ca. Taylorbacteria,CPR,0.0014648658618648899,2.982642854988255e-4
Saline Water,Ca. Yanofskybacteria,CPR,0.0011053644175553366,2.2470491146362224e-4
Saline Water,Ca. Tectomicrobia,CPR,0.0012242181838630901,0
Saline Water,Ca. Nealsonbacteria,CPR,0.0017640981830860567,5.202518884682809e-4
Saline Water,Ca. division Zixibacteria,CPR,0.01037538346231638,0.002962902403404186
Saline Water,Ca. Daviesbacteria,CPR,0.003487180603426677,9.867343514112774e-4
Saline Water,Ca. Gottesmanbacteria,CPR,0.002891803815588125,8.907924865670887e-4
Saline Water,Ca. Melainabacteria,CPR,0.001640526223642149,4.731772748891641e-4
Saline Water,Ca. division WWE3,CPR,0.010152136305604617,0.002310731891065851
Saline Water,Ca. Levybacteria,CPR,0.002048092174072646,5.139002854441353e-4
Saline Water,Kiritimatiellota,Bonafide,8.9793601905008e-4,0
Saline Water,Ca. Micrarchaeota,DPANN,0.00207331215824563,8.192962696038441e-4
Saline Water,Ca. Handelsmanbacteria,CPR,0.0024944697274060525,7.266755655017476e-4
Saline Water,Nitrospinota,Bonafide,6.799019644411534e-4,1.7844785654649306e-4
Saline Water,Ca. Moranbacteria,CPR,0.00203274808794535,8.208802936061177e-4
Saline Water,Ca. Woesebacteria,CPR,0.0011807515448813233,2.467692822927055e-4
Saline Water,Ca. Roizmanbacteria,CPR,0.001450277269107824,3.597342164303178e-4
Saline Water,Ca. Falkowbacteria,CPR,0.0032912866096530546,0.001018344074939631
Saline Water,Ca. Eisenbacteria,CPR,0.0026651540294281278,9.922524886948394e-5
Saline Water,Ca. Marinimicrobia,CPR,0.0016465285016809064,4.011880968662439e-4
Saline Water,Ca. Uhrbacteria,CPR,0.001294564639176485,4.1730959559753807e-4
Saline Water,Ca. Nomurabacteria,CPR,0.001790392717561205,6.773704412448467e-4
Saline Water,Coprothermobacterota,Bonafide,9.6967612851106e-4,0
Saline Water,Ca. Kaiserbacteria,CPR,0.002666805117634675,7.531535857513665e-4
Saline Water,Fibrobacterota,Bonafide,8.9075686269457e-4,0
Saline Water,Ca. Magasanikbacteria,CPR,0.001964395372838215,5.241953502696514e-4
Saline Water,Ca. Peregrinibacteria,CPR,0.0015944092749278966,5.172411015271597e-4
Saline Water,Ca. division NC10,CPR,0.013872594513929318,0.0019691861961357317
Saline Water,Chlamydiota,Bonafide,9.807980231799325e-4,1.0149900905852024e-4
Saline Water,Atribacterota,Bonafide,0.05312449514254035,0.015556736012035045
Saline Water,Thermoproteota,Bonafide,3.0224766885155504e-4,1.1258050808004257e-4
Saline Water,Chlorobiota,Bonafide,9.715208752139599e-4,1.9630137319292723e-4
Saline Water,Ca. Cloacimonetes,CPR,0.0033941735899129,0
Saline Water,Armatimonadota,Bonafide,0.057797622133769905,0
Saline Water,Lentisphaerota,Bonafide,7.8797572398518e-4,2.0011012258431385e-4
Saline Water,Bdellovibrionota,Bonafide,0.02181685793033761,0.004585717730854962
Saline Water,Ca. Saccharibacteria,CPR,0.00114157511623492,0
Saline Water,Ca. Aminicenantes,CPR,0.006960646361072575,0
Saline Water,Thermomicrobiota,Bonafide,4.602796546641e-4,0
Saline Water,Deferribacterota,Bonafide,9.5423817536943e-4,0
Saline Water,Ignavibacteriota,Bonafide,7.867046596260066e-4,1.4346876231621306e-4
Saline Water,Ca. Omnitrophica,CPR,0.0019493961159256499,3.863780426633924e-4
Saline Water,Synergistota,Bonafide,4.28602819650785e-4,1.4882558830247162e-4
Saline Water,Elusimicrobiota,Bonafide,9.379822157697374e-4,5.074627951210155e-5
Saline Water,Mycoplasmatota,Bonafide,7.61938930810917e-4,1.1712586394993483e-4
Saline Water,Ca. Rokubacteria,CPR,0.00129782464913586,0
Saline Water,Gemmatimonadota,Bonafide,8.497713070023084e-4,1.6519157203495405e-5
Saline Water,Deinococcota,Bonafide,8.4295193697991e-4,0
Saline Water,Nitrososphaerota,Bonafide,7.9847430696289e-4,0
Saline Water,Nitrospirota,Bonafide,7.369010868752534e-4,7.030394582686654e-5
Saline Water,Thermotogota,Bonafide,4.2063230368816e-4,0
Saline Water,Fusobacteriota,Bonafide,6.7752441189938e-4,0
Saline Water,Spirochaetota,Bonafide,4.69557209719415e-4,1.5661781736878627e-4
Saline Water,Chloroflexota,Bonafide,9.551416590347066e-4,4.873719166829353e-5
Saline Water,Verrucomicrobiota,Bonafide,2.6713849027655334e-4,5.134697183872119e-5
Saline Water,Campylobacterota,Bonafide,0.0172553011567988,0.002728882405076571
Saline Water,Myxococcota,Bonafide,7.919625291916283e-4,4.073138748122016e-5
Saline Water,Acidobacteriota,Bonafide,0.13244177583134,0
Saline Water,Euryarchaeota,Bonafide,9.185920650836e-4,0
Saline Water,Planctomycetota,Bonafide,7.04879683909305e-4,0
Saline Water,Thermodesulfobacteriota,Bonafide,5.97563809244135e-4,8.223959385232285e-5
Saline Water,Cyanobacteriota,Bonafide,9.254136918341285e-4,1.0266751293453324e-4
Saline Water,Bacteroidota,Bonafide,0.02573730116339065,0.0016647933450457716
Saline Water,Bacillota,Bonafide,0.0260033957594114,0.005923044013734145
Saline Water,Actinomycetota,Bonafide,0.11123577866694367,0.01784275481355256
Saline Water,Pseudomonadota,Bonafide,5.11731233094275e-4,1.1656481196392336e-4
Sediment,Ca. Veblenbacteria,CPR,0.001528982255074585,0
Sediment,Ca. Huberarchaea,DPANN,0.00300591316124313,2.666144733102315e-4
Sediment,Ca. Korarchaeota,CPR,0.00202306875095171,0
Sediment,Ca. Brennerbacteria,CPR,0.005953193268020718,6.031724096251692e-4
Sediment,Ca. Aenigmarchaeota,DPANN,0.009016722629403458,4.6164976754382967e-4
Sediment,Ca. Odinarchaeota,CPR,0.002088799749252704,1.2032234105948997e-4
Sediment,Ca. Jacksonbacteria,CPR,0.0029623995429329778,0.00021755644217226141
Sediment,Ca. division CPR1,CPR,0.017108483249206455,0.0018965639897327272
Sediment,Ca. division CPR3,CPR,0.0149355385260409,0
Sediment,Ca. Microgenomates,CPR,0.002404694256284145,0
Sediment,Ca. division WOR-3,CPR,0.01312164852272382,0.0012094191519629672
Sediment,Ca. Abawacabacteria,CPR,0.010306948397046403,5.379269349580783e-4
Sediment,Ca. division CPR2,CPR,0.01534929602354155,0.0012991034665080612
Sediment,Nanoarchaeota,DPANN,8.895487673965775e-4,1.1251436211909022e-4
Sediment,Ca. Ratteibacteria,CPR,0.002010640360078163,1.8746913769888577e-4
Sediment,Ca. Gribaldobacteria,CPR,0.00334305451558181,0
Sediment,Ca. Wirthbacteria,CPR,0.0014017449601498116,6.557205912800985e-5
Sediment,Ca. Hydrogenedentes,CPR,0.002911585794075077,1.6010280693590912e-4
Sediment,Ca. Tagabacteria,CPR,0.0017112371164871867,1.4279508937933635e-4
Sediment,Ca. Niyogibacteria,CPR,0.0021597859672825015,1.7049525000404687e-4
Sediment,Ca. Blackburnbacteria,CPR,0.005631179096126955,8.342220213673475e-4
Sediment,Ca. Delongbacteria,CPR,0.00432587177718896,0
Sediment,Ca. Andersenbacteria,CPR,0.007272496506144697,6.163339991342505e-4
Sediment,Ca. Diapherotrites,DPANN,0.004084244526197265,0
Sediment,Ca. Spechtbacteria,CPR,0.0018082861365089067,1.2933439273881705e-4
Sediment,Ca. Fraserbacteria,CPR,0.0033876461090442365,2.0425894248290278e-4
Sediment,Ca. Colwellbacteria,CPR,0.004507648674262992,2.583928442031814e-4
Sediment,Ca. Fischerbacteria,CPR,0.0036732342461956525,2.211227402769755e-4
Sediment,Ca. Sumerlaeota,CPR,0.0016569110972275984,8.78996029922414e-5
Sediment,Ca. Terrybacteria,CPR,0.001638401013520475,7.940123025151408e-5
Sediment,Ca. Gracilibacteria,CPR,0.00334222474288681,0
Sediment,Ca. Blackallbacteria,CPR,0.0055413655930301176,8.52507677764178e-5
Sediment,Ca. Wallbacteria,CPR,0.0014983402391734284,1.0802893181234926e-4
Sediment,Ca. Wildermuthbacteria,CPR,0.00142082946718916,6.849656851146981e-5
Sediment,Ca. Kuenenbacteria,CPR,0.002699521536151682,2.5222594039809036e-4
Sediment,Ca. Amesbacteria,CPR,0.008111645735512884,2.0014886114798802e-4
Sediment,Ca. Lokiarchaeota,CPR,0.002489888995535946,2.5045404446093515e-4
Sediment,Ca. Vogelbacteria,CPR,0.00153862039705563,5.88953091732028e-5
Sediment,Ca. Bipolaricaulota,CPR,0.005876226960267444,6.138219463491261e-4
Sediment,Ca. Raymondbacteria,CPR,0.0019864713115991615,1.7435587200590862e-4
Sediment,Ca. Woykebacteria,CPR,0.0013029561919631325,6.462829983585069e-5
Sediment,Ca. Ryanbacteria,CPR,0.0018841995483817034,1.2912016192927558e-4
Sediment,Balneolota,Bonafide,0.026233977633353597,0.0026600927991466488
Sediment,Ca. Adlerbacteria,CPR,0.009689873410384763,0.001019387823485738
Sediment,Ca. Margulisbacteria,CPR,0.00206732160226208,0
Sediment,Ca. Azambacteria,CPR,0.0071395002568477115,4.6081517145388185e-4
Sediment,Ca. Campbellbacteria,CPR,0.004994060539541243,3.64968235619365e-4
Sediment,Ca. Firestonebacteria,CPR,0.0036708780495912597,1.5327755096259846e-4
Sediment,Ca. Heimdallarchaeota,CPR,0.0031031043947784,2.935543617045346e-4
Sediment,Ca. Beckwithbacteria,CPR,0.006441810352158118,2.9452505277781013e-4
Sediment,Ca. Dadabacteria,CPR,0.004384794584679875,2.2987268720528462e-4
Sediment,Ca. Harrisonbacteria,CPR,0.003050652059223188,1.623968257568825e-4
Sediment,Ca. Liptonbacteria,CPR,0.0024937343207941582,1.958676450804437e-4
Sediment,Ca. Jorgensenbacteria,CPR,0.0028003393831905568,2.0717633556995314e-4
Sediment,Ca. Collierbacteria,CPR,0.004559603185195995,0
Sediment,Ca. Kerfeldbacteria,CPR,0.0028508901576012216,2.7853795759357294e-4
Sediment,Chrysiogenota,Bonafide,0.0012330225157829973,9.95854834706741e-5
Sediment,Ca. Komeilibacteria,CPR,0.002802905535583082,2.908654642048779e-4
Sediment,Ca. Yonathbacteria,CPR,0.00130984689581387,0
Sediment,Ca. Riflebacteria,CPR,0.00193231031576067,1.699337626758934e-4
Sediment,Ca. Absconditabacteria,CPR,0.0107044456028264,0
Sediment,Ca. Sungbacteria,CPR,0.00169768749335573,1.1534726610427641e-4
Sediment,Ca. Portnoybacteria,CPR,0.002020878108374609,1.5562879025001063e-4
Sediment,Ca. Thorarchaeota,CPR,0.0015684685419361777,8.323189540660111e-5
Sediment,Ca. Giovannonibacteria,CPR,0.0033871417459949925,1.3355009352606221e-4
Sediment,Ca. Desantisbacteria,CPR,0.004146052664814363,2.464494581292864e-4
Sediment,Ca. Edwardsbacteria,CPR,0.003924049703529107,2.932515610230884e-4
Sediment,Ca. Lloydbacteria,CPR,0.00264962491095669,4.5780693891096795e-5
Sediment,Ca. Shapirobacteria,CPR,0.0018717768838023734,1.0544204173248338e-4
Sediment,Ca. Pacebacteria,CPR,0.00213553679613493,1.909770590613966e-4
Sediment,Ca. Lindowbacteria,CPR,0.0023973021546474884,1.477921481460675e-4
Sediment,Ca. Curtissbacteria,CPR,0.004393487463528872,2.777801832252688e-4
Sediment,Ca. Wolfebacteria,CPR,0.0013271971528849209,7.471239425901171e-5
Sediment,Ca. Coatesbacteria,CPR,0.004773935316029373,2.5499044829331065e-4
Sediment,Ca. Doudnabacteria,CPR,0.0039137897671208954,1.4518605622017928e-4
Sediment,Ca. Schekmanbacteria,CPR,0.0018565342266623085,1.0945779776721986e-4
Sediment,Ca. Zambryskibacteria,CPR,0.0012987785017265867,9.375785255078914e-5
Sediment,Ca. Berkelbacteria,CPR,0.00636058571531606,3.7008149395296503e-4
Sediment,Calditrichota,Bonafide,0.022644988084338527,0.0026236155045736512
Sediment,Ca. Staskawiczbacteria,CPR,0.0018040976866413301,1.406100823483115e-4
Sediment,Ca. Glassbacteria,CPR,0.003378541941490251,3.45465986916692e-4
Sediment,Ca. Bathyarchaeota,CPR,0.00699113661853826,3.029578969336557e-4
Sediment,Ca. Woesearchaeota,DPANN,0.0014158627328784887,7.329300747088828e-5
Sediment,Ca. Buchananbacteria,CPR,0.005216960825836097,3.633030529565838e-4
Sediment,Ca. Thermoplasmatota,CPR,0.00126274777763846,0
Sediment,Aquificota,Bonafide,0.06101550206904403,9.3034648219078e-4
Sediment,Ca. Taylorbacteria,CPR,0.0016740617591593525,1.2709964031583089e-4
Sediment,Ca. Yanofskybacteria,CPR,0.0012959566361949735,6.041512182133129e-5
Sediment,Ca. Tectomicrobia,CPR,0.0016351434369906025,1.1253861373152442e-4
Sediment,Ca. Nealsonbacteria,CPR,0.002314271774196271,2.649895327514588e-4
Sediment,Ca. division Zixibacteria,CPR,0.011001033076140506,5.557424807828e-4
Sediment,Ca. Daviesbacteria,CPR,0.00496123762219058,0
Sediment,Ca. Gottesmanbacteria,CPR,0.003288474948641428,2.3518265984385817e-4
Sediment,Ca. Melainabacteria,CPR,0.00295856597414978,0
Sediment,Ca. division WWE3,CPR,0.011333214677888732,1.1574780314368234e-4
Sediment,Ca. Levybacteria,CPR,0.002627819114194723,2.239043432724586e-4
Sediment,Kiritimatiellota,Bonafide,0.001013114777463562,1.1811188364090857e-4
Sediment,Ca. Micrarchaeota,DPANN,0.0024541027238069177,2.321474352309214e-5
Sediment,Ca. Handelsmanbacteria,CPR,0.003054305157199914,2.798864011644567e-4
Sediment,Nitrospinota,Bonafide,7.91342975457001e-4,1.0845418841984311e-4
Sediment,Ca. Moranbacteria,CPR,0.00222884205657255,1.5914394964393954e-4
Sediment,Ca. Woesebacteria,CPR,0.00138436152201296,1.2506692529776265e-5
Sediment,Ca. Roizmanbacteria,CPR,0.0019331919668414068,1.6011778721171697e-4
Sediment,Ca. Falkowbacteria,CPR,0.00382935713992033,2.3978117110125401e-4
Sediment,Ca. Eisenbacteria,CPR,0.00326522802284501,2.44330525125069e-4
Sediment,Ca. Marinimicrobia,CPR,0.00190161100404163,0
Sediment,Ca. Uhrbacteria,CPR,0.0015239709029106025,9.860279332700496e-5
Sediment,Ca. Nomurabacteria,CPR,0.0021618348914291263,1.4729627423063835e-4
Sediment,Coprothermobacterota,Bonafide,0.00111625600144782,0
Sediment,Ca. Kaiserbacteria,CPR,0.0027927516996158336,2.1209170482127803e-4
Sediment,Fibrobacterota,Bonafide,8.8321776821032e-4,0
Sediment,Ca. Magasanikbacteria,CPR,0.002434491928752725,2.5500488828502635e-4
Sediment,Ca. Peregrinibacteria,CPR,0.0020394762115516865,1.452995983588156e-4
Sediment,Ca. division NC10,CPR,0.013115170963736308,0.0010298298443583449
Sediment,Chlamydiota,Bonafide,0.00110600616961554,0
Sediment,Atribacterota,Bonafide,0.045716356567609355,0.004743092954983451
Sediment,Thermoproteota,Bonafide,3.8540488818206e-4,0
Sediment,Chlorobiota,Bonafide,0.0012663923322697992,7.641531379949806e-5
Sediment,Ca. Cloacimonetes,CPR,0.00502692810804983,0
Sediment,Armatimonadota,Bonafide,0.052834774005818326,0.0018072628417692886
Sediment,Lentisphaerota,Bonafide,9.80016836023752e-4,1.1170035091906097e-4
Sediment,Bdellovibrionota,Bonafide,0.025193247108240897,0.00147010955917117
Sediment,Ca. Saccharibacteria,CPR,0.00163318552150871,0
Sediment,Ca. Aminicenantes,CPR,0.007982845308543138,7.17381065070999e-4
Sediment,Deferribacterota,Bonafide,9.0719372798475e-4,0
Sediment,Ignavibacteriota,Bonafide,0.0010469089632870116,1.0764288930197905e-4
Sediment,Ca. Omnitrophica,CPR,0.002119801617490722,1.6591935055810367e-4
Sediment,Synergistota,Bonafide,5.5510288342236e-4,9.516539074743671e-5
Sediment,Elusimicrobiota,Bonafide,0.0010670705044429243,6.176616052222835e-5
Sediment,Ca. Rokubacteria,CPR,0.00164564978393034,0
Sediment,Gemmatimonadota,Bonafide,8.754687778952334e-4,3.142943324658136e-5
Sediment,Deinococcota,Bonafide,9.778299210289e-4,0
Sediment,Nitrososphaerota,Bonafide,8.3421536065796e-4,8.381816940251884e-5
Sediment,Nitrospirota,Bonafide,7.302323334192012e-4,1.1165459333294507e-4
Sediment,Thermotogota,Bonafide,4.067610856725e-4,0
Sediment,Fusobacteriota,Bonafide,8.6450586799258e-4,0
Sediment,Spirochaetota,Bonafide,5.1416997383596e-4,3.0319703689723078e-5
Sediment,Chloroflexota,Bonafide,0.0011927757759072084,1.7949628232765953e-5
Sediment,Myxococcota,Bonafide,7.675381723273267e-4,7.391379036864585e-5
Sediment,Acidobacteriota,Bonafide,0.108373135756627,0
Sediment,Planctomycetota,Bonafide,7.03571118912265e-4,6.673927435801574e-5
Sediment,Thermodesulfobacteriota,Bonafide,6.271002418055511e-4,9.164522966607122e-5
Sediment,Cyanobacteriota,Bonafide,0.0010424652653741,0
Sediment,Bacteroidota,Bonafide,0.027014919414564548,7.440154820384285e-4
Sediment,Bacillota,Bonafide,0.037877909692034695,0.0018762848504965536
Sediment,Pseudomonadota,Bonafide,5.3401065929975e-4,5.466467754695804e-5
Soil,Ca. Veblenbacteria,CPR,0.00146440093162381,0
Soil,Ca. Huberarchaea,DPANN,0.0032230436295292396,2.4387392992362763e-4
Soil,Ca. Korarchaeota,CPR,0.00177551832872269,0
Soil,Ca. Nanohaloarchaeota,DPANN,0.00156722104078122,0
Soil,Ca. Brennerbacteria,CPR,0.00597472687687595,0
Soil,Ca. Aenigmarchaeota,DPANN,0.008499139207508225,3.046483700600143e-4
Soil,Ca. Odinarchaeota,CPR,0.00207224676321749,0
Soil,Ca. Calescamantes,CPR,0.00346583576878601,0
Soil,Ca. Jacksonbacteria,CPR,0.00328003528958098,0
Soil,Ca. Altiarchaeota,DPANN,0.00722192657796972,0
Soil,Ca. division CPR1,CPR,0.015220934767000552,0.0013675354827754648
Soil,Ca. division CPR3,CPR,0.0142924893036247,0.0017030505061021335
Soil,Ca. Microgenomates,CPR,0.00256954646987539,0
Soil,Ca. division WOR-3,CPR,0.0124563371721721,0
Soil,Ca. Abawacabacteria,CPR,0.00969068286277142,0
Soil,Ca. Parcubacteria,CPR,0.00132423769579848,0
Soil,Nanoarchaeota,DPANN,8.133122077951567e-4,1.1479804448241455e-4
Soil,Ca. Ratteibacteria,CPR,0.00198981432746631,1.1344959083759114e-4
Soil,Ca. Gribaldobacteria,CPR,0.002859937137707155,0.0010641228088936617
Soil,Ca. Wirthbacteria,CPR,8.85897377783325e-4,1.912744500593656e-4
Soil,Ca. Hydrogenedentes,CPR,0.00237588670461092,0.001298661509371677
Soil,Ca. Tagabacteria,CPR,0.00169820773373686,0
Soil,Ca. Niyogibacteria,CPR,0.00234157383172506,0
Soil,Ca. Blackburnbacteria,CPR,0.00627974635234807,0
Soil,Ca. Delongbacteria,CPR,0.00473727783792355,0
Soil,Ca. Andersenbacteria,CPR,0.00753703076938628,0
Soil,Ca. Diapherotrites,DPANN,0.0035245243148131497,0.0013281361171027992
Soil,Ca. Spechtbacteria,CPR,0.001742930314377445,3.1726349610366015e-5
Soil,Ca. Fraserbacteria,CPR,0.00197679541187338,2.539514591925062e-4
Soil,Caldisericota,Bonafide,0.0188073614230841,0
Soil,Ca. Colwellbacteria,CPR,0.005072568829803,0
Soil,Ca. Fischerbacteria,CPR,0.0035975506472441,0
Soil,Ca. Sumerlaeota,CPR,0.0010424966718053734,9.878037195747265e-5
Soil,Ca. Terrybacteria,CPR,0.001257387373402415,5.169577545665169e-4
Soil,Ca. Gracilibacteria,CPR,0.00246879045030213,0
Soil,Ca. Chisholmbacteria,CPR,0.00547215507461574,0
Soil,Ca. Blackallbacteria,CPR,0.00402054350066849,0
Soil,Ca. Wallbacteria,CPR,0.0010957718830423666,3.0032223292928795e-4
Soil,Dictyoglomota,Bonafide,8.4178495373166e-4,0
Soil,Ca. Wildermuthbacteria,CPR,0.00139039146894604,0
Soil,Ca. Kuenenbacteria,CPR,0.002885974009763595,2.9369276138007674e-4
Soil,Ca. Amesbacteria,CPR,0.00739076754595136,0.0011380580700028362
Soil,Ca. Lokiarchaeota,CPR,0.00249374859436324,0
Soil,Ca. Vogelbacteria,CPR,0.00144175217102449,0
Soil,Ca. Bipolaricaulota,CPR,0.004251151713152304,2.8576465899034454e-4
Soil,Ca. Raymondbacteria,CPR,0.0016711115443548766,4.993211743476541e-4
Soil,Ca. Ryanbacteria,CPR,0.001854888418854675,1.0293124220478006e-4
Soil,Balneolota,Bonafide,0.0264725925478113,0.004496489765766919
Soil,Ca. Adlerbacteria,CPR,0.008949149133089366,1.646801797297341e-4
Soil,Ca. Margulisbacteria,CPR,0.00148202113953777,0
Soil,Ca. Azambacteria,CPR,0.00728683709037536,0
Soil,Ca. Campbellbacteria,CPR,0.004628919373723226,0.0011212665395540736
Soil,Ca. Firestonebacteria,CPR,0.00384312300566703,0
Soil,Ca. Heimdallarchaeota,CPR,0.00258378949508831,7.244932985729882e-4
Soil,Ca. Beckwithbacteria,CPR,0.00713888334165202,0
Soil,Ca. Dadabacteria,CPR,0.00377017744874079,0.0013513944543436967
Soil,Ca. Harrisonbacteria,CPR,0.0034972542295454998,0
Soil,Ca. Liptonbacteria,CPR,0.0021194005144213298,0.0010988261663983487
Soil,Ca. Jorgensenbacteria,CPR,0.002316177247469465,0.0012661024885303098
Soil,Ca. Collierbacteria,CPR,0.00515396113172695,0
Soil,Ca. Kerfeldbacteria,CPR,0.003039155195206645,2.0190330206263504e-4
Soil,Chrysiogenota,Bonafide,9.14141002852695e-4,5.412531996128257e-4
Soil,Ca. Komeilibacteria,CPR,0.002465576037032717,9.485175406387602e-4
Soil,Ca. Yonathbacteria,CPR,0.00114789013228811,0
Soil,Ca. Riflebacteria,CPR,0.001569316097036865,6.749533410153283e-4
Soil,Ca. Absconditabacteria,CPR,0.00956152575655089,0
Soil,Ca. Sungbacteria,CPR,0.0013353629513245251,5.414130183048913e-4
Soil,Ca. Portnoybacteria,CPR,0.00210772898873057,0
Soil,Ca. Thorarchaeota,CPR,0.00154647002777564,0
Soil,Ca. Giovannonibacteria,CPR,0.00372738152547036,0
Soil,Ca. Desantisbacteria,CPR,0.0043122152534966745,3.01824603389131e-4
Soil,Ca. Edwardsbacteria,CPR,0.00335190618603698,0.0012085875482178638
Soil,Ca. Lloydbacteria,CPR,0.0021225119503811,0.0010452166621911767
Soil,Ca. Shapirobacteria,CPR,0.00175347678618787,3.993244191142996e-5
Soil,Ca. Pacebacteria,CPR,0.0021020573431970698,1.42785982547201e-4
Soil,Ca. Lindowbacteria,CPR,0.0016189641223660325,3.233265847029499e-4
Soil,Ca. Curtissbacteria,CPR,0.00402049070574367,0.0014844657448689022
Soil,Ca. Wolfebacteria,CPR,0.0012258202735681,0
Soil,Ca. Coatesbacteria,CPR,0.00336761282965803,8.867091476213691e-4
Soil,Ca. Doudnabacteria,CPR,0.002885050911195213,0.0012693191328648325
Soil,Ca. Schekmanbacteria,CPR,0.001765165123511435,4.180590337688496e-5
Soil,Ca. Zambryskibacteria,CPR,0.001237854048489195,1.4177865473258223e-4
Soil,Ca. Berkelbacteria,CPR,0.006003601528662415,0.001328067513483621
Soil,Calditrichota,Bonafide,0.0204898803264538,0.0030183341331910317
Soil,Ca. Staskawiczbacteria,CPR,0.00173998472668446,0
Soil,Ca. Glassbacteria,CPR,0.002561341242542216,8.994180207663335e-4
Soil,Ca. Bathyarchaeota,CPR,0.00691393324122969,0
Soil,Ca. Woesearchaeota,DPANN,0.00133253912974385,1.3355431342004868e-4
Soil,Ca. Buchananbacteria,CPR,0.0055859051155319195,4.3018284972187265e-4
Soil,Ca. Thermoplasmatota,CPR,9.2900026708064e-4,0
Soil,Aquificota,Bonafide,0.0970440791265909,0
Soil,Ca. Taylorbacteria,CPR,0.00167827181405067,0
Soil,Ca. Yanofskybacteria,CPR,0.00117463534475659,0
Soil,Ca. Tectomicrobia,CPR,9.9100045192753e-4,1.1433373562276815e-4
Soil,Ca. Nealsonbacteria,CPR,0.0023258285150272147,9.779561074898187e-5
Soil,Ca. division Zixibacteria,CPR,0.00985963841109,1.9652530675105958e-4
Soil,Ca. Daviesbacteria,CPR,0.00411885564669989,0.0010229585134986416
Soil,Ca. Gottesmanbacteria,CPR,0.00367556062442365,0
Soil,Ca. Melainabacteria,CPR,0.002073675128160205,8.970834539952265e-4
Soil,Ca. division WWE3,CPR,0.0103113845828291,0
Soil,Ca. Levybacteria,CPR,0.00301438828530021,0
Soil,Kiritimatiellota,Bonafide,0.00075952605537437995,4.587794204003904e-4
Soil,Ca. Micrarchaeota,DPANN,0.0017091137636732199,7.85305686052027e-4
Soil,Ca. Handelsmanbacteria,CPR,0.002221803383449405,8.944287041213982e-4
Soil,Nitrospinota,Bonafide,6.158165765288334e-4,3.188129483737656e-4
Soil,Ca. Moranbacteria,CPR,0.0018628756039297798,8.687401125997245e-4
Soil,Ca. Woesebacteria,CPR,0.00123760733228273,0
Soil,Ca. Roizmanbacteria,CPR,0.00204012587226177,0
Soil,Ca. Falkowbacteria,CPR,0.003915061324055,2.731095850118457e-4
Soil,Ca. Eisenbacteria,CPR,0.0023430469550331226,4.215080406620444e-4
Soil,Ca. Marinimicrobia,CPR,0.00146827621955203,0
Soil,Ca. Uhrbacteria,CPR,0.001158688704544325,0.00043863963759060303
Soil,Ca. Nomurabacteria,CPR,0.00231960379556095,0
Soil,Coprothermobacterota,Bonafide,7.6483550293193e-4,0
Soil,Ca. Kaiserbacteria,CPR,0.0023117723762294254,0.001261069520427263
Soil,Fibrobacterota,Bonafide,6.3110675266431e-4,0
Soil,Ca. Magasanikbacteria,CPR,0.00280777740453919,0
Soil,Ca. Peregrinibacteria,CPR,0.0016479436857494401,7.013350464379405e-4
Soil,Ca. division NC10,CPR,0.01363202167998195,0.001678214184993338
Soil,Atribacterota,Bonafide,0.048057429419060146,0.0019522224194138602
Soil,Thermoproteota,Bonafide,2.7406376080063e-4,0
Soil,Chlorobiota,Bonafide,8.8213089112217e-4,3.8479724679634446e-4
Soil,Ca. Cloacimonetes,CPR,0.00322508801031973,0
Soil,Armatimonadota,Bonafide,0.08107697877014909,0.018167141348966083
Soil,Lentisphaerota,Bonafide,6.550887870775e-4,3.578829537154641e-4
Soil,Bdellovibrionota,Bonafide,0.0229692453329343,0
Soil,Ca. Saccharibacteria,CPR,0.0010573392472627,0
Soil,Ca. Aminicenantes,CPR,0.00667868805511858,7.104054898276538e-4
Soil,Thermomicrobiota,Bonafide,3.2826837160193e-4,1.2069130224537117e-4
Soil,Deferribacterota,Bonafide,6.9192249592686e-4,0
Soil,Ignavibacteriota,Bonafide,9.114773206373999e-4,3.0500911648706323e-4
Soil,Ca. Omnitrophica,CPR,0.001743963098004285,7.853845807990258e-4
Soil,Synergistota,Bonafide,3.30167034534365e-4,1.2129752275971632e-4
Soil,Elusimicrobiota,Bonafide,7.12942038076225e-4,1.9738111544607162e-4
Soil,Mycoplasmatota,Bonafide,6.5675483296295e-4,1.698080255744892e-4
Soil,Ca. Rokubacteria,CPR,0.001210286948407214,1.6255953320960822e-4
Soil,Gemmatimonadota,Bonafide,6.798914563043949e-4,1.856195841110233e-4
Soil,Deinococcota,Bonafide,6.789281722234e-4,1.6991573638729015e-4
Soil,Nitrososphaerota,Bonafide,9.3050937086935e-4,0
Soil,Nitrospirota,Bonafide,4.13854246188835e-4,1.9807651922695155e-4
Soil,Thermotogota,Bonafide,3.0758029078581e-4,0
Soil,Fusobacteriota,Bonafide,4.5367898831849e-4,0
Soil,Spirochaetota,Bonafide,3.1901824411795e-4,9.083702243549066e-5
Soil,Chloroflexota,Bonafide,7.296944104535599e-4,1.674724445963456e-4
Soil,Verrucomicrobiota,Bonafide,9.37716319058257e-5,0
Soil,Campylobacterota,Bonafide,0.016978493988370452,0.0013770967036816676
Soil,Myxococcota,Bonafide,6.43968207542552e-4,2.0372311551182526e-4
Soil,Acidobacteriota,Bonafide,0.12145213317021779,0.018357986159648673
Soil,Euryarchaeota,Bonafide,8.14091249491165e-4,9.961529569996029e-5
Soil,Planctomycetota,Bonafide,4.807079758529175e-4,1.7360810730367694e-4
Soil,Thermodesulfobacteriota,Bonafide,5.99941296522625e-4,1.3618593578956195e-4
Soil,Cyanobacteriota,Bonafide,8.746014369968e-4,0
Soil,Bacteroidota,Bonafide,0.0325309145196643,8.133866603887656e-4
Soil,Bacillota,Bonafide,0.033579222806253306,0.002581525229496735
Soil,Actinomycetota,Bonafide,0.09916541780081913,0.015269063272708144
Soil,Pseudomonadota,Bonafide,3.28976507246e-4,9.419623577596256e-5
Wastewater,Ca. Veblenbacteria,CPR,0.00158701168021091,0
Wastewater,Ca. Huberarchaea,DPANN,0.0026163712592666977,5.963736199216889e-4
Wastewater,Ca. Brennerbacteria,CPR,0.00644562870064636,0
Wastewater,Ca. Aenigmarchaeota,DPANN,0.0095990685391178,8.614093165995343e-4
Wastewater,Ca. Calescamantes,CPR,0.00397109824297071,0
Wastewater,Ca. Jacksonbacteria,CPR,0.00341162556142793,0
Wastewater,Ca. Altiarchaeota,DPANN,0.00869908023175547,0
Wastewater,Ca. division CPR1,CPR,0.0178002222074973,0.004358747005172316
Wastewater,Ca. division CPR3,CPR,0.013477374469661,0
Wastewater,Ca. Microgenomates,CPR,0.00270638305258153,0
Wastewater,Ca. division WOR-3,CPR,0.0142434570978094,0
Wastewater,Ca. Ratteibacteria,CPR,0.0015935258522337674,3.018162564268661e-4
Wastewater,Ca. Gribaldobacteria,CPR,0.00368976294698808,0
Wastewater,Ca. Wirthbacteria,CPR,8.7136871805226e-4,0
Wastewater,Ca. Hydrogenedentes,CPR,0.0034656724209845,0
Wastewater,Ca. Tagabacteria,CPR,0.0017282917838537,0
Wastewater,Ca. Niyogibacteria,CPR,0.0023555126318463,0
Wastewater,Ca. Blackburnbacteria,CPR,0.00703008179884435,0
Wastewater,Ca. Delongbacteria,CPR,0.00499342748919263,0
Wastewater,Ca. Diapherotrites,DPANN,0.00492834473831261,0
Wastewater,Ca. Spechtbacteria,CPR,0.00180470114725462,0
Wastewater,Ca. Colwellbacteria,CPR,0.00534422332931372,0
Wastewater,Ca. Fischerbacteria,CPR,0.00335423332648577,0
Wastewater,Ca. Sumerlaeota,CPR,0.00115267260560592,0
Wastewater,Ca. Terrybacteria,CPR,0.0013193072899081951,0
Wastewater,Ca. Gracilibacteria,CPR,0.00237474546350214,0
Wastewater,Ca. Blackallbacteria,CPR,0.00458784009809277,0
Wastewater,Ca. Wallbacteria,CPR,0.001208845825323265,0
Wastewater,Dictyoglomota,Bonafide,9.3703196989625e-4,0
Wastewater,Ca. Wildermuthbacteria,CPR,0.00144458846380668,0
Wastewater,Ca. Kuenenbacteria,CPR,0.00308542445100346,0
Wastewater,Ca. Amesbacteria,CPR,0.00787977215411295,0
Wastewater,Ca. Lokiarchaeota,CPR,0.0022973793942076,0
Wastewater,Ca. Vogelbacteria,CPR,0.00157667553331453,0
Wastewater,Ca. Bipolaricaulota,CPR,0.0048321508896540894,1.437547869696335e-4
Wastewater,Ca. Raymondbacteria,CPR,0.001567425566350365,2.671165179015306e-4
Wastewater,Ca. Ryanbacteria,CPR,0.0020545441918548,0
Wastewater,Balneolota,Bonafide,0.0232628876184032,0
Wastewater,Ca. Adlerbacteria,CPR,0.00956594714700632,0
Wastewater,Ca. Azambacteria,CPR,0.00826762595725405,0
Wastewater,Ca. Campbellbacteria,CPR,0.00588731990224045,0
Wastewater,Ca. Heimdallarchaeota,CPR,0.00213551245650989,0
Wastewater,Ca. Beckwithbacteria,CPR,0.00747730255922885,0
Wastewater,Ca. Dadabacteria,CPR,0.003430511538069945,0.0010780017853852606
Wastewater,Ca. Harrisonbacteria,CPR,0.00267836264875082,0
Wastewater,Ca. Liptonbacteria,CPR,0.00300701799705083,0
Wastewater,Ca. Jorgensenbacteria,CPR,0.00335511590925108,0
Wastewater,Ca. Collierbacteria,CPR,0.00547906303935808,0
Wastewater,Ca. Kerfeldbacteria,CPR,0.00324085856063761,0
Wastewater,Chrysiogenota,Bonafide,8.227027966907533e-4,1.3892401225064783e-4
Wastewater,Ca. Komeilibacteria,CPR,0.0023959814341215097,0
Wastewater,Ca. Yonathbacteria,CPR,0.00122848111925422,0
Wastewater,Ca. Riflebacteria,CPR,0.00207537029590399,0
Wastewater,Ca. Absconditabacteria,CPR,0.0107722299369374,0
Wastewater,Ca. Sungbacteria,CPR,0.001371021071794095,0
Wastewater,Ca. Portnoybacteria,CPR,0.00220384220495173,0
Wastewater,Ca. Thorarchaeota,CPR,0.00146225049238957,0
Wastewater,Ca. Giovannonibacteria,CPR,0.00421433619593758,0
Wastewater,Ca. Desantisbacteria,CPR,0.00376064954473204,0
Wastewater,Ca. Edwardsbacteria,CPR,0.00317611618483227,6.801818611440154e-4
Wastewater,Ca. Shapirobacteria,CPR,0.001451815266898695,0
Wastewater,Ca. Pacebacteria,CPR,0.001772323381533155,0
Wastewater,Ca. Curtissbacteria,CPR,0.0052935385450229,0
Wastewater,Ca. Wolfebacteria,CPR,0.00135187689767302,0
Wastewater,Ca. Coatesbacteria,CPR,0.00500532215179739,0
Wastewater,Ca. Doudnabacteria,CPR,0.003455798262832545,0
Wastewater,Ca. Schekmanbacteria,CPR,0.001730315792164705,1.1792003314829938e-4
Wastewater,Ca. Zambryskibacteria,CPR,0.00122097994115722,0
Wastewater,Ca. Berkelbacteria,CPR,0.00735109988432214,0
Wastewater,Calditrichota,Bonafide,0.02073454847481345,0
Wastewater,Ca. Staskawiczbacteria,CPR,0.0017768158291438,0
Wastewater,Ca. Glassbacteria,CPR,0.00361361332035465,6.648748138090039e-4
Wastewater,Ca. Bathyarchaeota,CPR,0.00720248853912198,0
Wastewater,Ca. Woesearchaeota,DPANN,0.0013496081905716752,4.256210982976727e-5
Wastewater,Ca. Buchananbacteria,CPR,0.00604507445547331,0
Wastewater,Ca. Thermoplasmatota,CPR,0.00102322279864064,0
Wastewater,Aquificota,Bonafide,0.0777989051836373,0
Wastewater,Ca. Yanofskybacteria,CPR,0.00123803082273255,0
Wastewater,Ca. Tectomicrobia,CPR,0.001248747029009675,0
Wastewater,Ca. Nealsonbacteria,CPR,0.00236615782183935,0
Wastewater,Ca. division Zixibacteria,CPR,0.011926368415942499,0
Wastewater,Ca. Daviesbacteria,CPR,0.00505852376556215,0
Wastewater,Ca. Gottesmanbacteria,CPR,0.00378392240733805,0
Wastewater,Ca. Melainabacteria,CPR,0.00272879273750115,0
Wastewater,Ca. division WWE3,CPR,0.0106944173330875,0
Wastewater,Ca. Levybacteria,CPR,0.00305537397257316,0
Wastewater,Kiritimatiellota,Bonafide,7.235911386550501e-4,0
Wastewater,Ca. Micrarchaeota,DPANN,0.00271954693562637,0
Wastewater,Ca. Handelsmanbacteria,CPR,0.0022687165995181648,0
Wastewater,Nitrospinota,Bonafide,5.467745066273725e-4,2.587438160674093e-5
Wastewater,Ca. Moranbacteria,CPR,0.00204399822416085,7.931057335879856e-6
Wastewater,Ca. Roizmanbacteria,CPR,0.00206016019736965,0
Wastewater,Ca. Falkowbacteria,CPR,0.0032423905845559405,0
Wastewater,Ca. Marinimicrobia,CPR,0.00159424173057277,0
Wastewater,Ca. Uhrbacteria,CPR,0.001291477287927775,0
Wastewater,Ca. Nomurabacteria,CPR,0.00233454605818928,0
Wastewater,Coprothermobacterota,Bonafide,8.848151527746176e-4,1.4171303490251064e-4
Wastewater,Ca. Kaiserbacteria,CPR,0.002933566315151625,4.5356801384174964e-4
Wastewater,Fibrobacterota,Bonafide,7.1559532538312e-4,0
Wastewater,Ca. Magasanikbacteria,CPR,0.00281046787762906,0
Wastewater,Ca. Peregrinibacteria,CPR,0.00222281021762849,0
Wastewater,Ca. division NC10,CPR,0.012729299712015099,0
Wastewater,Atribacterota,Bonafide,0.04938518221665324,0.010007164965155937
Wastewater,Thermoproteota,Bonafide,3.0060995194103e-4,0
Wastewater,Chlorobiota,Bonafide,9.567580604592501e-4,5.3075069767954884e-5
Wastewater,Ca. Cloacimonetes,CPR,0.003889395134918719,6.399282867043148e-4
Wastewater,Armatimonadota,Bonafide,0.06011477018767525,0
Wastewater,Lentisphaerota,Bonafide,7.15575957039135e-4,7.357132314953781e-5
Wastewater,Ca. Saccharibacteria,CPR,0.0011396323405708,0
Wastewater,Ca. Aminicenantes,CPR,0.00797779236767887,0
Wastewater,Deferribacterota,Bonafide,7.5375330394178e-4,0
Wastewater,Ignavibacteriota,Bonafide,7.536920959812037e-4,1.3612799271407223e-4
Wastewater,Ca. Omnitrophica,CPR,0.00168264973278201,2.886884310439754e-4
Wastewater,Synergistota,Bonafide,4.44526918920325e-4,1.1643783585714145e-4
Wastewater,Elusimicrobiota,Bonafide,8.200618625114849e-4,0
Wastewater,Mycoplasmatota,Bonafide,7.09460268969225e-4,1.6040097361289844e-4
Wastewater,Ca. Rokubacteria,CPR,0.00119234110232858,0
Wastewater,Nitrososphaerota,Bonafide,7.7669507911404e-4,0
Wastewater,Nitrospirota,Bonafide,5.6616507087041e-4,1.0188661067243277e-4
Wastewater,Thermotogota,Bonafide,3.050625769704075e-4,8.31478838934836e-5
Wastewater,Fusobacteriota,Bonafide,5.2922592512272e-4,0
Wastewater,Spirochaetota,Bonafide,3.3078694523508e-4,7.935975760391643e-5
Wastewater,Chloroflexota,Bonafide,8.948429582859917e-4,1.3067402967882212e-4
Wastewater,Verrucomicrobiota,Bonafide,2.9661048361773e-4,0
Wastewater,Campylobacterota,Bonafide,0.017709786969875067,8.266807280842035e-4
Wastewater,Myxococcota,Bonafide,4.2694451592806e-4,0
Wastewater,Acidobacteriota,Bonafide,0.116813458037689,0
Wastewater,Euryarchaeota,Bonafide,7.361224068909099e-4,1.3742730028933666e-4
Wastewater,Planctomycetota,Bonafide,4.7267265197672753e-4,3.293860923211879e-5
Wastewater,Thermodesulfobacteriota,Bonafide,5.45971050210585e-4,8.525119206838945e-5
Wastewater,Cyanobacteriota,Bonafide,9.6725364802285e-4,0
Wastewater,Bacteroidota,Bonafide,0.02405402054788655,7.629596589696992e-4
Wastewater,Bacillota,Bonafide,0.028861307598772576,0.0031029806131887406
Wastewater,Actinomycetota,Bonafide,0.09370601951931415,0
Wastewater,Pseudomonadota,Bonafide,3.70641024448945e-4,1.2047898364556903e-4
